"","x"
"1","ut13"
"2","utaac"
"3","your"
"4","ut12ni"
"5","ut14"
"6","utlc"
"7","ut12"
"8","ut11"
"9","ut10"
"10","ut9"
"11","ut8"
"12","ut7"
"13","ut6"
"14","ut5"
"15","ut4"
"16","ut3"
"17","ut1"
"18","ut2"
"19","ut"
"20","undertaking"
"21","te9"
"22","tystysgrif"
"23","tsf4"
"24","te7"
"25","tcc"
"26","te3"
"27","tasr221"
"28","tasr211"
"29","tasd121"
"30","tgrcref"
"31","tasd111"
"32","talg975"
"33","talg921"
"34","tanq421"
"35","tanq411"
"36","tahb521"
"37","tald721"
"38","talg964"
"39","tald711"
"40","talg911"
"41","talg900"
"42","tahb511"
"43","t622"
"44","t621"
"45","t612"
"46","t614"
"47","t615"
"48","t616"
"49","t619"
"50","t618"
"51","t613"
"52","t617"
"53","t619a"
"54","t611"
"55","t610"
"56","t606"
"57","t607"
"58","t605"
"59","t609"
"60","t547"
"61","t602"
"62","t604"
"63","t601"
"64","t603"
"65","t608"
"66","t546"
"67","t545"
"68","t544"
"69","t541"
"70","t493"
"71","t496"
"72","t542"
"73","t540"
"74","t495"
"75","t499"
"76","t497"
"77","t543"
"78","t492"
"79","t491"
"80","t485"
"81","t483"
"82","t486"
"83","t484"
"84","t490"
"85","t482"
"86","t469"
"87","t470"
"88","t480"
"89","t481"
"90","t465"
"91","t466"
"92","t467"
"93","t468"
"94","t464"
"95","t452"
"96","t453"
"97","t451"
"98","t450"
"99","t454"
"100","t455"
"101","t445"
"102","t440"
"103","t426"
"104","t439"
"105","t425"
"106","t434"
"107","t443"
"108","t424"
"109","t444"
"110","t422"
"111","t423"
"112","t421"
"113","t420"
"114","t412"
"115","t415"
"116","t411"
"117","t410"
"118","t400"
"119","t382"
"120","t383"
"121","t385"
"122","t386"
"123","t384"
"124","t399"
"125","t381"
"126","t380"
"127","t362"
"128","t359"
"129","t370"
"130","t373"
"131","t371"
"132","t375"
"133","t372"
"134","t374"
"135","t379"
"136","t252"
"137","t251"
"138","t246"
"139","t249"
"140","t248"
"141","t244"
"142","t239"
"143","t245"
"144","t241"
"145","t242"
"146","t243"
"147","t240"
"148","t247"
"149","t211"
"150","t210"
"151","t143"
"152","t171"
"153","t140"
"154","t142"
"155","t141"
"156","t172"
"157","t170"
"158","t173"
"159","t200"
"160","t139"
"161","t138"
"162","t132"
"163","t131"
"164","t133"
"165","t130"
"166","t135"
"167","t134"
"168","t128"
"169","t129"
"170","t137"
"171","t136"
"172","t127"
"173","t123"
"174","t121"
"175","t120"
"176","t116"
"177","t113"
"178","t117"
"179","t118"
"180","t114"
"181","t122"
"182","t112"
"183","t111"
"184","t108a"
"185","t98"
"186","t97"
"187","t96"
"188","t108"
"189","t108b"
"190","t98a"
"191","t110"
"192","t95"
"193","t94"
"194","t10"
"195","t12"
"196","t11"
"197","t37"
"198","t38"
"199","t35"
"200","t006"
"201","t36"
"202","t53"
"203","t005"
"204","t002"
"205","t001"
"206","sscs6a"
"207","t04"
"208","t003"
"209","t03"
"210","sscs6"
"211","sscs3"
"212","sscs2"
"213","sscs4"
"214","sscs5"
"215","sscs1a"
"216","sscs5a"
"217","send30"
"218","sscs1"
"219","send26b"
"220","send28"
"221","send28a"
"222","send27"
"223","send28b"
"224","send26a"
"225","send25"
"226","send20c"
"227","send22"
"228","send20a"
"229","send24a"
"230","send24"
"231","send20b"
"232","send21"
"233","send23"
"234","send24b"
"235","send20"
"236","send18"
"237","send17"
"238","send15"
"239","send15a"
"240","send12"
"241","send15yp"
"242","send15ayp"
"243","send16"
"244","send11yp"
"245","send14"
"246","send16a"
"247","send11"
"248","send10"
"249","send4a"
"250","send5"
"251","send4b"
"252","send4"
"253","send7"
"254","send6"
"255","send8"
"256","send3"
"257","send9"
"258","send2"
"259","send1a"
"260","scco"
"261","secure"
"262","rta5"
"263","sd2"
"264","sd3"
"265","sd4"
"266","rta6"
"267","sd1"
"268","send1"
"269","rta4"
"270","rta3"
"271","rta2"
"272","remo"
"273","rents"
"274","rent"
"275","remo20"
"276","rta1"
"277","precedent"
"278","qbd"
"279","progress"
"280","pre"
"281","pra"
"282","ppf1"
"283","plo8"
"284","plo9"
"285","poac1"
"286","plp10"
"287","ppf2"
"288","plo6"
"289","ppf"
"290","plo5"
"291","plo4"
"292","ph16"
"293","pl1"
"294","pl2"
"295","ph18"
"296","ph17"
"297","plo1"
"298","phl"
"299","ph19"
"300","plo3"
"301","plo2"
"302","ph15"
"303","ph14"
"304","ph10"
"305","ph12"
"306","ph11"
"307","ph7"
"308","ph6"
"309","ph9"
"310","ph8"
"311","ph5"
"312","ph13"
"313","ph4"
"314","ph3"
"315","pf198"
"316","ph2"
"317","pf197"
"318","pf244"
"319","pf186"
"320","pf187"
"321","pf188"
"322","pf205"
"323","ph1"
"324","pf185"
"325","pf184"
"326","pf180a"
"327","pf181"
"328","pf179"
"329","pf180b"
"330","pf182"
"331","pf172"
"332","pf177"
"333","pf180"
"334","pf183"
"335","pf170b"
"336","pf170a"
"337","pf165"
"338","pf160"
"339","pf164b"
"340","pf166"
"341","pf164a"
"342","pf163"
"343","pf167"
"344","pf168"
"345","pf168a"
"346","pf159e"
"347","pf159d"
"348","pf154"
"349","pf159a"
"350","pf159b"
"351","pf152"
"352","pf150"
"353","pf156"
"354","pf153"
"355","pf157"
"356","pf159c"
"357","pf149"
"358","pf148"
"359","pf130"
"360","pf147"
"361","pf106"
"362","pf105"
"363","pf104"
"364","pf113"
"365","pf103"
"366","pf120a"
"367","pf120b"
"368","pf141"
"369","pf102"
"370","pf97"
"371","pf92"
"372","pf86"
"373","pf90c"
"374","pf88"
"375","pf89"
"376","pf87"
"377","pf86a"
"378","pf90b"
"379","pf90a"
"380","pf91"
"381","pf85b"
"382","pf85a"
"383","pf84d"
"384","pf84a"
"385","pf68"
"386","pf83"
"387","pf78"
"388","pf71"
"389","pf84b"
"390","pf74"
"391","pf72"
"392","pf84c"
"393","pf67"
"394","pf63"
"395","pf52"
"396","pf50"
"397","pf53"
"398","pf49"
"399","pf52a"
"400","pf56"
"401","pf57"
"402","pf48"
"403","pf58"
"404","pf44"
"405","pf43"
"406","pf34"
"407","pf25"
"408","pf28"
"409","pf24"
"410","pf26"
"411","pf31"
"412","pf27"
"413","pf30"
"414","pf29"
"415","pf32"
"416","pf23"
"417","pf22"
"418","pf10"
"419","pf16"
"420","pf11"
"421","pf20b"
"422","pf17"
"423","pf9"
"424","pf19"
"425","pf20a"
"426","pf21"
"427","pf8"
"428","pf7b"
"429","pf2"
"430","pf4"
"431","pf3"
"432","pf6b"
"433","pf6a"
"434","pf1"
"435","pf5"
"436","pcpf244"
"437","pf7a"
"438","pcmh"
"439","pc001"
"440","pa97"
"441","pa9"
"442","pa10"
"443","pa8a"
"444","pa8"
"445","pa7a"
"446","pa3"
"447","pa5"
"448","pa4"
"449","pa7"
"450","pa6"
"451","pa2"
"452","pa1"
"453","no.109"
"454","pa1s"
"455","notice"
"456","no.100"
"457","pa1a"
"458","pa1t"
"459","no.99"
"460","no.98a"
"461","no.97"
"462","no.98"
"463","no.93"
"464","no.94"
"465","no.95"
"466","no.84"
"467","no.85"
"468","no.83"
"469","no.96"
"470","no.97a"
"471","no.82"
"472","no.81"
"473","no.71"
"474","no.68"
"475","no.76"
"476","no.69"
"477","no.75"
"478","no.67"
"479","no.66"
"480","no.66a"
"481","no.80"
"482","no.79"
"483","no.65"
"484","no.64"
"485","no.58"
"486","no.56"
"487","no.53"
"488","no.52a"
"489","no.57"
"490","no.59"
"491","no.54"
"492","no.62"
"493","no.63"
"494","no.52"
"495","no.49"
"496","no.44a"
"497","no.47"
"498","no.45"
"499","no.44b"
"500","no.44"
"501","no.46"
"502","no.44d"
"503","no.44c"
"504","no.48"
"505","no.42a"
"506","no.42"
"507","no.32"
"508","n510"
"509","no.37"
"510","n504"
"511","no.35"
"512","no.34"
"513","no.33"
"514","no.41"
"515","n503"
"516","n502"
"517","n501b"
"518","n501"
"519","n471a"
"520","n471"
"521","n500b"
"522","n500a"
"523","n500"
"524","n465pc"
"525","n465"
"526","n501a"
"527","n463"
"528","n462"
"529","n464"
"530","n463pc"
"531","n462pc"
"532","n464pc"
"533","n461pc"
"534","n461"
"535","n446"
"536","n460hc"
"537","n445"
"538","n460"
"539","n443"
"540","n441"
"541","n440"
"542","n380"
"543","n379"
"544","n434"
"545","n358"
"546","n349"
"547","n342"
"548","n337"
"549","n336"
"550","n331"
"551","n344"
"552","n325a"
"553","n325"
"554","n322b"
"555","n324"
"556","n323"
"557","n322a"
"558","n316"
"559","n316a"
"560","n294"
"561","n293a"
"562","n270"
"563","n266"
"564","n265(ccfl)"
"565","n265(chfl)"
"566","n279"
"567","n268"
"568","n292"
"569","n265(cc)"
"570","n285"
"571","n265"
"572","n263"
"573","n260"
"574","n258c"
"575","n264"
"576","n261"
"577","n259"
"578","n258b"
"579","n256(hc)"
"580","n256(cc)"
"581","n258a"
"582","n258"
"583","n255(hc)"
"584","n255(cc)"
"585","n254"
"586","n252"
"587","n253a"
"588","n245"
"589","n251"
"590","n253"
"591","n244(chfl)"
"592","n244(ccfl)"
"593","n244(cc)"
"594","n235"
"595","n244"
"596","n242a"
"597","n242"
"598","n228"
"599","n227"
"600","n225a"
"601","n219a"
"602","n225"
"603","n219"
"604","n226"
"605","n224"
"606","n218"
"607","n213"
"608","n213(cc)"
"609","n215"
"610","n213(ccfl)"
"611","n213(chfl)"
"612","n215pc"
"613","n211c(cc)"
"614","n211c"
"615","n210c"
"616","n211"
"617","n211a"
"618","n211(cc)"
"619","n210pc"
"620","n211(chfl)"
"621","n211(ccfl)"
"622","n210b"
"623","n210a"
"624","n210(ccfl)"
"625","n208c(cc)"
"626","n210"
"627","n210(cc)"
"628","n210(chfl)"
"629","n209a"
"630","n208pc"
"631","n208c"
"632","n208"
"633","n208(cc)"
"634","n208(chfl)"
"635","n205d"
"636","n208(ccfl)"
"637","n208a"
"638","n205a"
"639","n182"
"640","n164"
"641","n170"
"642","n181"
"643","n172"
"644","n180"
"645","n163"
"646","n162"
"647","n161d"
"648","n162a"
"649","n161c"
"650","n161b"
"651","n161a"
"652","n155"
"653","n161"
"654","n157"
"655","n151"
"656","n154"
"657","n159"
"658","n150"
"659","n149c"
"660","n149b"
"661","n143"
"662","n149"
"663","n130"
"664","n139"
"665","n133"
"666","n142"
"667","n149a"
"668","n123"
"669","n122"
"670","n119"
"671","n119a"
"672","n120"
"673","n121"
"674","n117"
"675","n93"
"676","n92"
"677","n110a"
"678","n77"
"679","n86"
"680","n87"
"681","n67"
"682","n56"
"683","n16a"
"684","n24"
"685","n54a"
"686","n39"
"687","n30(ch)"
"688","n20"
"689","n30"
"690","n16(1)"
"691","n15"
"692","n11m"
"693","n11d"
"694","n11r"
"695","n11b"
"696","n11"
"697","n9a"
"698","n9c"
"699","n9b"
"700","n9(ccfl)"
"701","n9(ccch)"
"702","n9d"
"703","n9(cc)"
"704","n8b"
"705","n7d"
"706","n8a"
"707","n8"
"708","n9"
"709","n7b"
"710","n7a"
"711","n7"
"712","n6"
"713","n5c"
"714","n5a"
"715","n5b"
"716","n5"
"717","n3"
"718","n2a"
"719","n2b"
"720","n2"
"721","n1sdt"
"722","n1fd"
"723","n1c"
"724","n1a"
"725","n1(fd)"
"726","n1d"
"727","n1c(cc)"
"728","n1c(ccchfl)"
"729","n1(chfl)"
"730","n1(ccfl)"
"731","n1(cc)"
"732","mercantile"
"733","mcol"
"734","mps"
"735","n1"
"736","mynd"
"737","mc150"
"738","mc102"
"739","mc100"
"740","lpa"
"741","lwfansau"
"742","loc045"
"743","loc014"
"744","loc040"
"745","loc002"
"746","loc009"
"747","leasehold"
"748","loc010"
"749","loc006"
"750","loc013"
"751","jrc1"
"752","jury"
"753","juror"
"754","jr2"
"755","jr1"
"756","iaut1"
"757","iaut3"
"758","is"
"759","iaft"
"760","hq2"
"761","iaa"
"762","hq1"
"763","gwys"
"764","gmappeal"
"765","ftc3"
"766","guidance"
"767","gmappeal2"
"768","ground"
"769","getting"
"770","gambling"
"771","fp244a"
"772","ftc1"
"773","ftc2"
"774","fp244"
"775","fp202"
"776","fp201"
"777","fp162a"
"778","fp200"
"779","fp161b"
"780","fp162"
"781","fp161a"
"782","fp161"
"783","fp8"
"784","fp6"
"785","fp9"
"786","fp25"
"787","fp1b"
"788","fp1a"
"789","fp2"
"790","fp5"
"791","fp3"
"792","fp1"
"793","form"
"794","fl701"
"795","fm1"
"796","fl430"
"797","fl700"
"798","fl431"
"799","fl415"
"800","fl407"
"801","fl411"
"802","fl404b"
"803","fl403a"
"804","fl407a"
"805","fl410"
"806","fl401a"
"807","fgm701"
"808","fl403"
"809","fl401"
"810","fixing"
"811","fgm700"
"812","fgm005"
"813","fgm004"
"814","fgm006"
"815","fgm003"
"816","fgm007"
"817","fgm002"
"818","ffurflen"
"819","fgm001"
"820","fe17"
"821","fee"
"822","fe16"
"823","fe15"
"824","fe7"
"825","fe6"
"826","exn162"
"827","ex731"
"828","ex730"
"829","exn161"
"830","ex728"
"831","ex727"
"832","ex711"
"833","ex725"
"834","ex715"
"835","ex710"
"836","ex660"
"837","ex506"
"838","ex670"
"839","ex550"
"840","ex504"
"841","ex370"
"842","ex350"
"843","ex375"
"844","ex501"
"845","ex381"
"846","ex380"
"847","ex503"
"848","ex343a"
"849","ex345"
"850","ex342"
"851","ex343"
"852","ex329"
"853","ex340"
"854","ex341"
"855","ex332"
"856","ex333"
"857","ex325"
"858","ex328"
"859","ex326"
"860","ex327"
"861","ex323"
"862","ex324"
"863","ex320"
"864","ex322"
"865","ex321"
"866","ex306"
"867","ex304"
"868","ex305"
"869","ex303"
"870","ex301"
"871","ex302"
"872","ex160b"
"873","ex244"
"874","ex160c"
"875","ex160a"
"876","ex107gn"
"877","ex160"
"878","ex140"
"879","ex108"
"880","ex141"
"881","ex107c"
"882","ex105"
"883","ex107"
"884","ex80b"
"885","ex97a"
"886","ex80a"
"887","ex50"
"888","ex50a"
"889","ex20"
"890","eu"
"891","et3"
"892","et1"
"893","epl6"
"894","et1a"
"895","epl4"
"896","epl3"
"897","epl5"
"898","enquiry"
"899","el2"
"900","eac2"
"901","eld2"
"902","eich"
"903","el1"
"904","d651"
"905","eac1"
"906","eld1"
"907","d650"
"908","d508"
"909","d259"
"910","d440"
"911","d258c"
"912","d580(f)"
"913","d258b"
"914","d254"
"915","d258a"
"916","d258"
"917","d252"
"918","d193"
"919","d192"
"920","d197"
"921","d194"
"922","d196"
"923","d191"
"924","d195"
"925","d190"
"926","d186"
"927","d184"
"928","d187"
"929","d185"
"930","d183"
"931","d180"
"932","d89"
"933","d84"
"934","d151"
"935","d80g"
"936","d81"
"937","d80f"
"938","d80d"
"939","d80e"
"940","d80a"
"941","d63"
"942","d80b"
"943","d70"
"944","d80c"
"945","d50h"
"946","d50j"
"947","d62"
"948","d50k"
"949","d50g"
"950","d50f"
"951","d50e"
"952","d50d"
"953","d50b"
"954","d50c"
"955","d50"
"956","d20"
"957","d36"
"958","d50a"
"959","d13b"
"960","d8n"
"961","d8d"
"962","d11"
"963","d8b"
"964","d5"
"965","d8"
"966","d6"
"967","d8a"
"968","cs01"
"969","cs"
"970","cs04"
"971","cs02"
"972","cs03"
"973","crown"
"974","criminal"
"975","cop44"
"976","cop44b"
"977","cop44a"
"978","county"
"979","costs"
"980","cop42"
"981","cop35"
"982","cop37"
"983","cop36"
"984","cop31"
"985","cop29"
"986","cop30"
"987","cop28"
"988","cop24"
"989","cop25"
"990","cop23"
"991","cop20b"
"992","cop22"
"993","cop21b"
"994","cop21a"
"995","cop20"
"996","cop20a"
"997","cop15a"
"998","cop14"
"999","cop15"
"1000","cop12"
"1001","cop14a"
"1002","cop10"
"1003","cop7"
"1004","cop8"
"1005","cop9"
"1006","cop5"
"1007","cop4"
"1008","cop3"
"1009","cop5a"
"1010","cop2"
"1011","cop1d"
"1012","cop1b"
"1013","cop1a"
"1014","cop1e"
"1015","cop1c"
"1016","cop1f"
"1017","cop1"
"1018","cop"
"1019","control"
"1020","comp"
"1021","coa"
"1022","claim"
"1023","cic"
"1024","ch44"
"1025","ch42"
"1026","child"
"1027","ch43"
"1028","ch38"
"1029","ch41"
"1030","ch36"
"1031","ch40"
"1032","ch37"
"1033","ch33"
"1034","ch39"
"1035","ch35"
"1036","ch34"
"1037","ch32"
"1038","ch25"
"1039","ch27"
"1040","ch23"
"1041","ch26"
"1042","ch30"
"1043","ch24"
"1044","ch29"
"1045","ch28"
"1046","ch31"
"1047","ch22"
"1048","ch17"
"1049","ch20"
"1050","ch15"
"1051","ch21"
"1052","ch14"
"1053","ch18"
"1054","ch16"
"1055","ch19"
"1056","ch13"
"1057","ch12"
"1058","ch9"
"1059","ch5"
"1060","ch8"
"1061","ch11"
"1062","ch7"
"1063","ch3"
"1064","ch10"
"1065","ch4"
"1066","ch6"
"1067","ch2"
"1068","cb5"
"1069","ch1"
"1070","cb7"
"1071","certificate"
"1072","cb4"
"1073","cb6"
"1074","cb3"
"1075","cb2"
"1076","capsbacs3"
"1077","cb1"
"1078","case"
"1079","capsbacs4"
"1080","t144"
"1081","capsbacs2"
"1082","canllawiau"
"1083","c110a"
"1084","c100"
"1085","capsbacs1"
"1086","c110"
"1087","c120"
"1088","c79"
"1089","n16"
"1090","c67"
"1091","c69"
"1092","c68"
"1093","c65"
"1094","c78"
"1095","c66"
"1096","c64"
"1097","c60"
"1098","c63"
"1099","c62"
"1100","c52"
"1101","c61"
"1102","c51"
"1103","c19"
"1104","c20"
"1105","c18"
"1106","c23"
"1107","c17a"
"1108","minor"
"1109","c17"
"1110","c14"
"1111","c16"
"1112","c15"
"1113","c13a"
"1114","c11"
"1115","c12"
"1116","c9"
"1117","c13"
"1118","c8"
"1119","c7"
"1120","c5"
"1121","c4"
"1122","c1a"
"1123","c2"
"1124","c3"
"1125","c1"
"1126","c(pra3)"
"1127","c(pra2)"
"1128","c(pra1)"
"1129","bank"
"1130","bill"
"1131","going"
"1132","aj26"
"1133","allowances"
"1134","b1"
"1135","application"
"1136","attachment"
"1137","aj22"
"1138","ae"
"1139","adm20"
"1140","aj25"
"1141","aj20"
"1142","aj24"
"1143","adm21"
"1144","adm19"
"1145","adm15b"
"1146","adm13"
"1147","adm18"
"1148","adm17a"
"1149","adm16"
"1150","adm16a"
"1151","adm15"
"1152","adm14"
"1153","adm17"
"1154","adm12a"
"1155","adm3"
"1156","adm11"
"1157","adm4"
"1158","adm7"
"1159","adm10"
"1160","adm9"
"1161","adm6"
"1162","adm12"
"1163","adm5"
"1164","adm2"
"1165","adm1c"
"1166","ac013"
"1167","adm1"
"1168","adm1a"
"1169","ac015"
"1170","ac017"
"1171","ac016"
"1172","ac014"
"1173","ac001"
"1174","a107"
"1175","a106"
"1176","ac011"
"1177","ac010"
"1178","a105"
"1179","a100"
"1180","a102"
"1181","a101"
"1182","a65"
"1183","a101a"
"1184","a103"
"1185","a104"
"1186","a64a"
"1187","a63"
"1188","a62"
"1189","a64"
"1190","a61"
"1191","a60"
"1192","a59"
"1193","a58"
"1194","a57"
"1195","a55"
"1196","a56"
"1197","a54"
"1198","a53"
"1199","a52"
"1200","adult"
"1201","a50"
"1202","a51"
"1203","a21"
"1204","a20"
"1205","a5"
"1206","a2"
"1207","a20(1)"
"1208","a4"
"1209","a1"
"1210","5050a"
"1211","5222a"
"1212","5138"
"1213","5222"
"1214","a"
"1215","form code"
"1216","deed poll pack"
"1217","form a"
"1218","opg100"
"1219","n1std"
"1220","n1 env"
"1221","n8(1)"
"1222","n8(2)"
"1223","n8(4)"
"1224","n9cpc"
"1225","n10"
"1226","n11a"
"1227","n11(b)"
"1228","n17"
"1229","n18a"
"1230","n19"
"1231","n19a"
"1232","n19b"
"1233","n21"
"1234","n26"
"1235","n26a"
"1236","n27"
"1237","n27(1)"
"1238","n27(2)"
"1239","n28"
"1240","n28a"
"1241","n29"
"1242","n30(hc)"
"1243","n30(1)"
"1244","n30(1)(hc)"
"1245","n30(2)"
"1246","n30(2)(hc)"
"1247","n30(3)"
"1248","n30(3)(hc)"
"1249","n31"
"1250","n32"
"1251","n32(1)"
"1252","n32(2)"
"1253","n32(3)"
"1254","n32(4)"
"1255","n32(5)"
"1256","n33"
"1257","n34"
"1258","n34hc"
"1259","n35"
"1260","n35a"
"1261","n36"
"1262","n37"
"1263","n38"
"1264","n40"
"1265","n40a"
"1266","n40a(hc)"
"1267","n40b"
"1268","n40b(hc)"
"1269","n41"
"1270","n41a"
"1271","n42"
"1272","n46"
"1273","n48"
"1274","n49"
"1275","n50"
"1276","n51"
"1277","n52"
"1278","n53"
"1279","n54"
"1280","n55"
"1281","n55a"
"1282","n58"
"1283","n59"
"1284","n60"
"1285","n61"
"1286","n61a"
"1287","n62"
"1288","n63"
"1289","n64"
"1290","n64a"
"1291","n65a"
"1292","n65"
"1293","n66"
"1294","n66a"
"1295","n68"
"1296","n69"
"1297","n70"
"1298","n71"
"1299","n72"
"1300","n73"
"1301","n74"
"1302","n75"
"1303","n76"
"1304","n78"
"1305","n79/n329"
"1306","n79a"
"1307","n80"
"1308","n81"
"1309","n82"
"1310","n83"
"1311","n84"
"1312","n85"
"1313","n88"
"1314","n88(1)"
"1315","n89"
"1316","n90"
"1317","n91"
"1318","n94"
"1319","n95"
"1320","n95a"
"1321","n110"
"1322","n112"
"1323","n112a"
"1324","n113"
"1325","n113a"
"1326","n118"
"1327","n131"
"1328","n132"
"1329","n134"
"1330","n135"
"1331","n136"
"1332","n138"
"1333","n140"
"1334","n144"
"1335","n145"
"1336","n146"
"1337","n147"
"1338","n148"
"1339","n150a"
"1340","n151a"
"1341","n152"
"1342","n153"
"1343","n156"
"1344","n158"
"1345","n160"
"1346","n165"
"1347","n171"
"1348","n173"
"1349","n174"
"1350","n174a"
"1351","n200"
"1352","n201"
"1353","n202"
"1354","n203"
"1355","n204"
"1356","n205b"
"1357","n205c"
"1358","n206"
"1359","n206a"
"1360","n206b"
"1361","n206d"
"1362","n207"
"1363","n209"
"1364","n212"
"1365","n216"
"1366","n217"
"1367","n219b"
"1368","n220"
"1369","n220(1)"
"1370","n221"
"1371","n229"
"1372","n236"
"1373","n243b"
"1374","n243a/ form201"
"1375","n244a"
"1376","n244notes"
"1377","n246"
"1378","n246a"
"1379","n250"
"1380","n255"
"1381","n256"
"1382","n256a"
"1383","n256a(hc)"
"1384","n257"
"1385","n271"
"1386","n276"
"1387","n277"
"1388","n280"
"1389","n288"
"1390","n289"
"1391","n291"
"1392","n292a"
"1393","n293"
"1394","n295"
"1395","n296"
"1396","n297"
"1397","n298"
"1398","n299"
"1399","n300"
"1400","n302"
"1401","n303"
"1402","n304"
"1403","n305"
"1404","n306"
"1405","n307"
"1406","n309"
"1407","n310"
"1408","n311"
"1409","n313"
"1410","n317"
"1411","n317a"
"1412","n319"
"1413","n322"
"1414","n322anotes"
"1415","n322bnotes"
"1416","n322h"
"1417","n326"
"1418","n327"
"1419","n328"
"1420","n329"
"1421","n330"
"1422","n332"
"1423","n333"
"1424","n334"
"1425","n338"
"1426","n339"
"1427","n340"
"1428","n341"
"1429","n343"
"1430","n345"
"1431","n353"
"1432","n354"
"1433","n355"
"1434","n356"
"1435","n359"
"1436","n360"
"1437","n361"
"1438","n362"
"1439","n363"
"1440","n364"
"1441","n365"
"1442","n366"
"1443","n367"
"1444","n368"
"1445","n370"
"1446","n372"
"1447","n373"
"1448","n374"
"1449","n374a"
"1450","n375"
"1451","n376"
"1452","n377"
"1453","n388"
"1454","n390"
"1455","n391"
"1456","n392"
"1457","n426"
"1458","n432"
"1459","n433"
"1460","n436"
"1461","n437"
"1462","n438"
"1463","n441a"
"1464","n442"
"1465","n444"
"1466","n447"
"1467","n448"
"1468","n449"
"1469","n460a"
"1470","n461notes"
"1471","n470"
"1472","n515"
"1473","n516"
"1474","n517"
"1475","n518"
"1476","n519"
"1477","n525"
"1478","n526"
"1479","n527"
"1480","n528"
"1481","n529"
"1482","n530"
"1483","ex3"
"1484","ex4"
"1485","ex7"
"1486","ex8"
"1487","ex10"
"1488","ex17"
"1489","ex33"
"1490","ex37(1)"
"1491","ex37(2)"
"1492","ex42"
"1493","ex45"
"1494","ex50fees"
"1495","ex51"
"1496","ex70"
"1497","ex72"
"1498","ex76"
"1499","ex77"
"1500","ex78"
"1501","ex84"
"1502","ex87"
"1503","ex89"
"1504","ex91"
"1505","ex92"
"1506","ex94"
"1507","ex95"
"1508","ex96"
"1509","ex97"
"1510","ex98"
"1511","ex99"
"1512","ex99a"
"1513","ex100"
"1514","ex101a"
"1515","ex101b"
"1516","ex102"
"1517","ex103"
"1518","ex103a"
"1519","ex104"
"1520","ex106"
"1521","ex107info"
"1522","ex108a"
"1523","ex109"
"1524","ex110"
"1525","ex111"
"1526","ex112"
"1527","ex113"
"1528","ex114"
"1529","ex115"
"1530","ex116"
"1531","ex117"
"1532","ex118"
"1533","ex119"
"1534","ex120"
"1535","ex120a"
"1536","ex121"
"1537","ex125"
"1538","ex126"
"1539","ex133"
"1540","ex142"
"1541","ex143"
"1542","ex164"
"1543","ex165"
"1544","ex166"
"1545","ex170"
"1546","ex219"
"1547","ex222"
"1548","ex223"
"1549","ex224"
"1550","ex225"
"1551","ex240"
"1552","ex251"
"1553","ex252"
"1554","ex253"
"1555","ex256"
"1556","ex261"
"1557","ex265"
"1558","ex307"
"1559","ex308"
"1560","ex309"
"1561","ex351"
"1562","ex360"
"1563","ex361"
"1564","ex400"
"1565","ex400m"
"1566","ex401"
"1567","ex401m"
"1568","ex402"
"1569","ex402m"
"1570","ex403"
"1571","ex404"
"1572","ex404m"
"1573","ex405"
"1574","ex406"
"1575","ex407"
"1576","ex408"
"1577","ex502"
"1578","ex505"
"1579","ex510"
"1580","ex600"
"1581","ex650"
"1582","ex680"
"1583","ex690"
"1584","ex700"
"1585","ex720"
"1586","ex726"
"1587","ex800"
"1588","fmg003"
"1589","fl402"
"1590","fl402a"
"1591","fl404"
"1592","fl404a"
"1593","fl405"
"1594","fl406"
"1595","fl406a"
"1596","fl408"
"1597","fl409"
"1598","fl412"
"1599","fl413"
"1600","fl414"
"1601","fl416"
"1602","fl417"
"1603","fl418"
"1604","fl419"
"1605","fl420"
"1606","fl421"
"1607","fl422"
"1608","fl423"
"1609","fl424"
"1610","c1a notes"
"1611","c6"
"1612","c6a"
"1613","c10"
"1614","c10a"
"1615","c21"
"1616","c21a**"
"1617","c21b**"
"1618","c21c**"
"1619","c22"
"1620","c24"
"1621","c25"
"1622","c26"
"1623","c27"
"1624","c28"
"1625","c29"
"1626","c30"
"1627","c31"
"1628","c32"
"1629","c33"
"1630","c34"
"1631","c35"
"1632","c36"
"1633","c37"
"1634","c38"
"1635","c39"
"1636","c40"
"1637","c41*"
"1638","c42"
"1639","c43"
"1640","c43a"
"1641","c44"
"1642","c45"
"1643","c46"
"1644","c47"
"1645","c48"
"1646","c49"
"1647","c50*"
"1648","c51*"
"1649","c53"
"1650","c54"
"1651","c63a"
"1652","c64a"
"1653","c65a"
"1654","c70"
"1655","c80"
"1656","c81"
"1657","c82"
"1658","c100a"
"1659","c(pra)"
"1660","c(pra)note"
"1661","c(f1)"
"1662","c(f1)(a)"
"1663","cha(f2)"
"1664","cb8"
"1665","plp1"
"1666","plp2"
"1667","plp3"
"1668","plp4"
"1669","plp5"
"1670","plp6"
"1671","plp7"
"1672","plp8"
"1673","remo1"
"1674","remo2"
"1675","a3"
"1676","a6"
"1677","a7"
"1678","a8"
"1679","a9"
"1680","a12"
"1681","a13"
"1682","a15"
"1683","a15a"
"1684","a16"
"1685","a17"
"1686","a18"
"1687","a19"
"1688","a25"
"1689","a50 notes"
"1690","a51 notes"
"1691","a52 notes"
"1692","a53 notes"
"1693","a54 notes"
"1694","a55 notes"
"1695","a56 notes"
"1696","a57 notes"
"1697","a58 notes"
"1698","a59 notes"
"1699","a60 notes"
"1700","a61 notes"
"1701","a62 notes"
"1702","a63 notes"
"1703","a70"
"1704","a71"
"1705","a72"
"1706","a73"
"1707","a74"
"1708","a75"
"1709","a76"
"1710","a77"
"1711","a78"
"1712","a79"
"1713","a80"
"1714","a81"
"1715","a82"
"1716","a83"
"1717","a90"
"1718","a90a"
"1719","a91"
"1720","a91a"
"1721","a92"
"1722","a92a"
"1723","a93"
"1724","a93a"
"1725","d1"
"1726","d2b"
"1727","d3"
"1728","d4"
"1729","d7"
"1730","d8(1)/ d10(1)"
"1731","d8(2)/ d10(2)"
"1732","d8(3)/ d10(3)"
"1733","d8(4)/ d10(4)"
"1734","d8(5)/ d10(5)"
"1735","d8d notes"
"1736","d8notes"
"1737","d8n notes"
"1738","d9a"
"1739","d9b"
"1740","d9c"
"1741","d9d"
"1742","d9e"
"1743","d9g"
"1744","d9h"
"1745","d9j"
"1746","d10a"
"1747","d10b"
"1748","d12"
"1749","d13"
"1750","d13a"
"1751","d14"
"1752","d15"
"1753","d18"
"1754","d19"
"1755","d21"
"1756","d23"
"1757","d24"
"1758","d25"
"1759","d26"
"1760","d29"
"1761","d29a"
"1762","d29b"
"1763","d29c"
"1764","d29d"
"1765","d29e"
"1766","d30"
"1767","d32"
"1768","d34"
"1769","d34a"
"1770","d37"
"1771","d37d"
"1772","d38"
"1773","d38a"
"1774","d39"
"1775","d40"
"1776","d41"
"1777","d42"
"1778","d43"
"1779","d44"
"1780","d45"
"1781","d46"
"1782","d47"
"1783","d48"
"1784","d48a"
"1785","d49"
"1786","d51"
"1787","d54"
"1788","d55"
"1789","d56"
"1790","d57"
"1791","d59"
"1792","d60"
"1793","d61"
"1794","d64"
"1795","d66"
"1796","d67"
"1797","d69"
"1798","d70a"
"1799","d71"
"1800","d72"
"1801","d73"
"1802","d74"
"1803","d75"
"1804","d79"
"1805","d84(a)"
"1806","d84(b)"
"1807","d84(c)"
"1808","d85"
"1809","d90"
"1810","d91"
"1811","d100"
"1812","d101"
"1813","d102"
"1814","d103"
"1815","d104"
"1816","d105"
"1817","d106"
"1818","d107"
"1819","d110a"
"1820","d114"
"1821","d115"
"1822","d118"
"1823","d119"
"1824","d120"
"1825","d121"
"1826","d122"
"1827","d123"
"1828","d124"
"1829","d125"
"1830","d126"
"1831","d129"
"1832","d129a"
"1833","d129b"
"1834","d129c"
"1835","d129d"
"1836","d129e"
"1837","d132"
"1838","d134"
"1839","d136"
"1840","d137"
"1841","d138"
"1842","d138a"
"1843","d142"
"1844","d143"
"1845","d144"
"1846","d145"
"1847","d146"
"1848","d147"
"1849","d148"
"1850","d148a"
"1851","d149"
"1852","d150"
"1853","d153"
"1854","d159"
"1855","d160"
"1856","d162"
"1857","d163"
"1858","d164"
"1859","d165"
"1860","d166"
"1861","d167"
"1862","d169"
"1863","d170a"
"1864","d174"
"1865","d198"
"1866","d253"
"1867","d255"
"1868","d256"
"1869","d256a"
"1870","d257"
"1871","d508(note)"
"1872","d508(6)"
"1873","d510(6)"
"1874","d529"
"1875","d529a"
"1876","d529b"
"1877","d529c"
"1878","d529d"
"1879","d532"
"1880","d534"
"1881","d534a"
"1882","d537"
"1883","d538"
"1884","d566"
"1885","d580f"
"1886","d580g"
"1887","d599"
"1888","d5129"
"1889","d5129a"
"1890","d5129b"
"1891","d5129c"
"1892","d5129d"
"1893","d5132"
"1894","d5134"
"1895","d5136"
"1896","d5137"
"1897","d5184a"
"1898","d5184b"
"1899","deem"
"1900","forma"
"1901","forma1"
"1902","forma2"
"1903","formb"
"1904","formc"
"1905","formd"
"1906","forme"
"1907","forme notes"
"1908","forme1"
"1909","forme2"
"1910","formf"
"1911","formg"
"1912","formh"
"1913","formh1"
"1914","formi"
"1915","form p"
"1916","formp1"
"1917","formp2"
"1918","form 106"
"1919","bd1"
"1920","ca10"
"1921","list17"
"1922","list20"
"1923","formppf"
"1924","formppf1"
"1925","formppf2"
"1926","fp6a"
"1927","fp7"
"1928","fp15"
"1929","fp16"
"1930","fp17"
"1931","fp18"
"1932","fp18a"
"1933","fp18b"
"1934","fp26"
"1935","fp27"
"1936","fp29"
"1937","fe8"
"1938","fe9"
"1939","aj21"
"1940","aj23"
"1941","aj27"
"1942","cc5f"
"1943","cc8"
"1944","cc10f"
"1945","cc12"
"1946","cc17"
"1947","cc20"
"1948","cc37"
"1949","cc39"
"1950","cc40"
"1951","cc43"
"1952","cc44"
"1953","cc48"
"1954","cc48a"
"1955","cc51"
"1956","cc55"
"1957","cc57"
"1958","cc59"
"1959","cc60"
"1960","cc64"
"1961","cc68"
"1962","cc75"
"1963","cc104"
"1964","cc110"
"1965","cc111"
"1966","cc112"
"1967","cc113"
"1968","cc114"
"1969","cc115"
"1970","cc116"
"1971","cc117"
"1972","cc118"
"1973","cc119"
"1974","cc120"
"1975","cc121"
"1976","cc122"
"1977","a01"
"1978","a03"
"1979","c01"
"1980","c04"
"1981","c05"
"1982","5001"
"1983","5002"
"1984","5003"
"1985","5004"
"1986","5004a"
"1987","5005"
"1988","5006"
"1989","5006a"
"1990","5011"
"1991","5012"
"1992","5012a"
"1993","5013"
"1994","5014"
"1995","5015"
"1996","5015a"
"1997","5016"
"1998","5016a"
"1999","5017"
"2000","5017a"
"2001","5018"
"2002","5018a"
"2003","5019"
"2004","5020"
"2005","5022"
"2006","5022a"
"2007","5023"
"2008","5024"
"2009","5025"
"2010","5026"
"2011","5027"
"2012","5028"
"2013","5029"
"2014","5030"
"2015","5031"
"2016","5032"
"2017","5033"
"2018","5034"
"2019","5034a"
"2020","5034b"
"2021","5034c"
"2022","5034d"
"2023","5034e"
"2024","5034f"
"2025","5034g"
"2026","5035"
"2027","5035a"
"2028","5035b"
"2029","5036"
"2030","5036a"
"2031","5036b"
"2032","5037"
"2033","5037a"
"2034","5038"
"2035","5038a"
"2036","5039"
"2037","5040"
"2038","5041"
"2039","5041a"
"2040","5042"
"2041","5042a"
"2042","5043"
"2043","5043a"
"2044","5044"
"2045","5044a"
"2046","5044b"
"2047","5045"
"2048","5045a"
"2049","5046"
"2050","5046a"
"2051","5047"
"2052","5048"
"2053","5049"
"2054","5050"
"2055","5051"
"2056","5052"
"2057","5053"
"2058","5054"
"2059","5055"
"2060","5056"
"2061","5061"
"2062","5062"
"2063","5063"
"2064","5064"
"2065","5064a"
"2066","5066"
"2067","5071"
"2068","5072"
"2069","5074"
"2070","5074a"
"2071","5075"
"2072","5081"
"2073","5081a"
"2074","5082"
"2075","5082a"
"2076","5083"
"2077","5084"
"2078","5085"
"2079","5085a"
"2080","5086"
"2081","5088a"
"2082","5088b"
"2083","5088c"
"2084","5088d"
"2085","5088e"
"2086","5088f"
"2087","5089"
"2088","5090"
"2089","5091"
"2090","5092"
"2091","5093"
"2092","5101"
"2093","5102"
"2094","5102a"
"2095","5102b"
"2096","5102c"
"2097","5102d"
"2098","5102e"
"2099","5102f"
"2100","5103"
"2101","5104"
"2102","5105"
"2103","5110"
"2104","5111"
"2105","5112"
"2106","5112a"
"2107","5113"
"2108","5113a"
"2109","5114"
"2110","5119"
"2111","5120"
"2112","5121"
"2113","5122"
"2114","5122a"
"2115","5122anotes"
"2116","5122w"
"2117","5123"
"2118","5124"
"2119","5125"
"2120","5130"
"2121","5131"
"2122","5131a"
"2123","5132"
"2124","5134"
"2125","5135"
"2126","5136"
"2127","5136a"
"2128","5136b"
"2129","5137"
"2130","5139"
"2131","5140"
"2132","5142"
"2133","5143"
"2134","5144"
"2135","5144a"
"2136","5144b"
"2137","5144c"
"2138","5144(ctt)"
"2139","5145"
"2140","5145a"
"2141","5145(ctt)"
"2142","5146"
"2143","5146a"
"2144","5147"
"2145","5148"
"2146","5148a"
"2147","5149"
"2148","5150"
"2149","5152"
"2150","5152w"
"2151","5153"
"2152","5153w"
"2153","5154"
"2154","5155"
"2155","5156"
"2156","5160"
"2157","5161"
"2158","5162"
"2159","5162a"
"2160","5171"
"2161","5171a"
"2162","5172"
"2163","5220"
"2164","5221"
"2165","5221w"
"2166","5222w"
"2167","5223"
"2168","5224"
"2169","5225"
"2170","5226"
"2171","5226a"
"2172","5227"
"2173","5228"
"2174","5229"
"2175","5229a"
"2176","5230"
"2177","5231"
"2178","5232"
"2179","5233"
"2180","5234"
"2181","5235"
"2182","5252"
"2183","5256"
"2184","5257"
"2185","5301"
"2186","5302"
"2187","5303"
"2188","5304"
"2189","5305"
"2190","5306"
"2191","5307"
"2192","5308"
"2193","5309"
"2194","5310"
"2195","5311"
"2196","5312"
"2197","5312(notes)"
"2198","5313"
"2199","5314"
"2200","5315"
"2201","5316"
"2202","5401"
"2203","5402"
"2204","5403"
"2205","5405"
"2206","5406"
"2207","5407"
"2208","5408"
"2209","5422"
"2210","ex66"
"2211","ng"
"2212","w"
"2213","b"
"2214","bc"
"2215","c"
"2216","rc"
"2217","dpr254a (personal applicants)"
"2218","dpr254a (solicitors)"
"2219","adm16b"
"2220","amd21"
"2221","ac012"
"2222","tas1"
"2223","tas1hb"
"2224","tas1hbr"
"2225","tas1med"
"2226","tas1overseas"
"2227","tas1r"
"2228","ts301"
"2229","ts304 monthly"
"2230","ts304d"
"2231","ts304ma"
"2232","ts304re"
"2233","ts304rf"
"2234","ts304adf"
"2235","ts148"
"2236","ts304tf"
"2237","ts307"
"2238","tsrt1"
"2239","tt01"
"2240","tt02"
"2241","ep1pg"
"2242","ep2pg"
"2243","ep2pgnotes"
"2244","ep3pg"
"2245","epa101"
"2246","fs01"
"2247","fs02"
"2248","fs03"
"2249","fs04"
"2250","fs05"
"2251","fs06"
"2252","fs07"
"2253","fs08"
"2254","lpa001"
"2255","lpa002"
"2256","lpa002 notes"
"2257","lpa003a"
"2258","lpa003b"
"2259","lpa004"
"2260","lpa005"
"2261","lpa006"
"2262","lpa007"
"2263","lpa008"
"2264","lpa102"
"2265","lpa103"
"2266","lpa104"
"2267","lpa105"
"2268","lap107"
"2269","lpa108"
"2270","lpa109"
"2271","lpa110"
"2272","lpa111"
"2273","lpa112"
"2274","lpa113"
"2275","lpa114"
"2276","lpa115"
"2277","lpa116"
"2278","lpa117"
"2279","lpa118"
"2280","lpa119"
"2281","lpa120"
"2282","opg101"
"2283","opg102"
"2284","opg120"
"2285","opg502"
"2286","opg503"
"2287","opg505"
"2288","opg506"
"2289","opg507"
"2290","opg508"
"2291","opg509"
"2292","opg509a"
"2293","opg510"
"2294","opg511"
"2295","opg601"
"2296","opg602"
"2297","opg603"
"2298","opg604"
"2299","opg605"
"2300","opg606"
"2301","cfo100"
"2302","cfo101"
"2303","cfo102"
"2304","cfo103"
"2305","cfo105"
"2306","cfo106"
"2307","cfo108"
"2308","cfo200"
"2309","cfo201"
"2310","cfo202"
"2311","cfo203"
"2312","cfo205"
"2313","cfo206"
"2314","cfo207"
"2315","cfo208"
"2316","cfo209"
"2317","cfo210"
"2318","cfo211"
"2319","cfo212"
"2320","cfo214"
"2321","cfo215"
"2322","cfo301"
"2323","cfo320"
"2324","cfo320pb"
"2325","cfo401"
"2326","cfo402"
"2327","cfo403"
"2328","cfo404"
"2329","cfo405"
"2330","cfo406"
"2331","cfo407"
"2332","cfo a"
"2333","cfo fe1"
"2334","cfo fr14"
"2335","cfo iht1"
"2336","cfo l"
"2337","cfo p"
"2338","cfo pb"
"2339","cfo pg"
"2340","cfo r"
"2341","cfo sldg2"
"2342","cfo sst1"
"2343","cfo ws"
"2344","cop16"
"2345","cop17"
"2346","cop38"
"2347","cop43"
"2348","cremation 1 / cr01"
"2349","cremation 2 / cr02"
"2350","cremation 3 / cr03"
"2351","cremation 4 / cr04"
"2352","cremation 5 / cr05"
"2353","cremation 6 / cr06"
"2354","cremation 7 / cr07"
"2355","cremation 8 / cr08"
"2356","cremation 9 / cr09"
"2357","cremation 10 / cr10"
"2358","cremation 11 / cr11"
"2359","cremation 12 / cr12"
"2360","cremation 13 / cr13"
"2361","loc001"
"2362","loc003"
"2363","loc004"
"2364","loc005"
"2365","loc007"
"2366","loc008"
"2367","loc011"
"2368","loc012"
"2369","loc015"
"2370","loc019"
"2371","loc020"
"2372","loc021"
"2373","loc022"
"2374","loc023"
"2375","loc024"
"2376","loc025"
"2377","loc026"
"2378","loc030"
"2379","loc035"
"2380","dis1"
"2381","dis2"
"2382","dis3"
"2383","dis4"
"2384","dis5"
"2385","dis6"
"2386","dis7"
"2387","dis8"
"2388","dis9"
"2389","dis10"
"2390","dis11"
"2391","mr1"
"2392","ia1"
"2393","ia2"
"2394","ia3"
"2395","ia4"
"2396","mc10"
"2397","mc11"
"2398","mc12"
"2399","mc13"
"2400","mc14"
"2401","mc15"
"2402","mc16"
"2403","mc17"
"2404","mc18"
"2405","mc19"
"2406","mc30"
"2407","mc101"
