file,requires_attachment
5050a-eng_doc.txt,FALSE
5050a-eng.txt,FALSE
5138-cym_doc.txt,FALSE
5138-eng_doc.txt,FALSE
5222-cym.txt,FALSE
5222-eng.txt,FALSE
5222a-bil.txt,FALSE
5222a-eng.txt,FALSE
a-e-eng.txt,TRUE
a1-cym.txt,FALSE
a1-eng.txt,FALSE
a100-eng.txt,FALSE
a101-eng.txt,FALSE
a101a-bil_doc.txt,FALSE
a101a-eng_doc.txt,FALSE
a102-eng.txt,FALSE
a103-eng.txt,FALSE
a104-eng.txt,FALSE
a105-eng.txt,FALSE
a106-eng.txt,FALSE
a107-eng.txt,FALSE
a2-eng.txt,FALSE
a20-bil.txt,FALSE
a20-cym.txt,FALSE
a20-eng.txt,FALSE
a20(1)-cym.txt,FALSE
a20(1)-eng.txt,FALSE
a21-cym.txt,FALSE
a21-eng.txt,FALSE
a4-eng.txt,FALSE
a5-eng.txt,FALSE
a50-bil.txt,FALSE
a50-eng.txt,FALSE
a50-nodiadau-a50-notes-bil.txt,FALSE
a50-notes-eng.txt,FALSE
a51-bil.txt,FALSE
a51-eng.txt,FALSE
a51-nodiadau-a51-notes-bil.txt,FALSE
a51-notes-eng.txt,FALSE
a52-bil.txt,FALSE
a52-eng.txt,FALSE
a52-nodiadau-a52-notes-bil.txt,FALSE
a52-notes-eng.txt,FALSE
a53-bil.txt,FALSE
a53-eng.txt,FALSE
a53-nodiadau-a53-notes-bil.txt,FALSE
a53-notes-eng.txt,FALSE
a54-bil.txt,FALSE
a54-eng.txt,FALSE
a54-nodiadau-a54-notes-bil.txt,FALSE
a54-notes-eng.txt,FALSE
a55-bil.txt,FALSE
a55-eng.txt,FALSE
a55-nodiadau-a55-notes-bil.txt,FALSE
a55-notes-eng.txt,FALSE
a56-bil.txt,FALSE
a56-eng.txt,FALSE
a56-nodiadau-a56-notes-bil.txt,FALSE
a56-notes-eng.txt,FALSE
a57-bil.txt,FALSE
a57-eng.txt,FALSE
a57-nodiadau-a57-notes-bil.txt,FALSE
a57-notes-eng.txt,FALSE
a58-bil.txt,FALSE
a58-eng.txt,FALSE
a58-nodiadau-a58-notes-bil.txt,FALSE
a58-notes-eng.txt,FALSE
a59-bil.txt,FALSE
a59-eng.txt,FALSE
a59-nodiadau-a59-notes-bil.txt,FALSE
a59-notes-eng.txt,FALSE
a60-bil.txt,FALSE
a60-eng.txt,FALSE
a60-nodiadau-a60-notes-bil.txt,FALSE
a60-notes-eng.txt,FALSE
a61-bil.txt,FALSE
a61-eng.txt,FALSE
a61-nodiadau-a61-notes-bil.txt,FALSE
a61-notes-eng.txt,FALSE
a62-bil.txt,FALSE
a62-eng.txt,FALSE
a62-nodiadau-a62-notes-bil.txt,FALSE
a62-notes-eng.txt,FALSE
a63-bil.txt,FALSE
a63-eng.txt,FALSE
a63-nodiadau-a63-notes-bil.txt,FALSE
a63-notes-eng.txt,FALSE
a64-bil.txt,FALSE
a64-eng.txt,FALSE
a64a-bil.txt,FALSE
a64a-eng.txt,FALSE
a65-bil.txt,FALSE
a65-eng.txt,FALSE
ac001-(birmingham)-eng.txt,FALSE
ac001-(cardiff)-eng.txt,FALSE
ac001-(leeds)-eng.txt,FALSE
ac001-(london)-eng.txt,FALSE
ac001-(manchester)-eng.txt,FALSE
ac010-eng.txt,FALSE
ac011-eng.txt,FALSE
ac013-eng.txt,FALSE
ac014-eng_doc.txt,FALSE
ac015-eng.txt,FALSE
ac016-eng.txt,FALSE
ac017-eng.txt,FALSE
adm1-eng.txt,FALSE
adm10-eng.txt,FALSE
adm11-eng.txt,FALSE
adm12-eng.txt,FALSE
adm12a-eng.txt,FALSE
adm13-eng.txt,FALSE
adm14-eng.txt,FALSE
adm15-eng.txt,FALSE
adm15b-eng.txt,FALSE
adm16-eng.txt,FALSE
adm16a-eng.txt,FALSE
adm17-eng.txt,FALSE
adm17a-eng.txt,FALSE
adm18-eng.txt,FALSE
adm19-eng.txt,FALSE
adm1a-eng.txt,FALSE
adm1c-cym.txt,FALSE
adm1c-eng.txt,FALSE
adm2-cym.txt,FALSE
adm2-eng.txt,FALSE
adm20-eng.txt,FALSE
adm21-eng.txt,FALSE
adm3-eng.txt,FALSE
adm4-eng.txt,FALSE
adm5-eng.txt,FALSE
adm6-eng.txt,FALSE
adm7-eng.txt,FALSE
adm9-eng.txt,FALSE
ae-canllaw-cym.txt,FALSE
ae-faq-cym.txt,FALSE
aj20-cym.txt,FALSE
aj22-eng.txt,FALSE
aj24-cym.txt,FALSE
aj24-eng.txt,FALSE
aj25-cym.txt,FALSE
aj26-cym.txt,FALSE
aj26-eng.txt,FALSE
allowances-eng.txt,FALSE
application-for-anonymity-(iat)-eng_doc.txt,FALSE
application-for-anonymity-(utiac)-eng_doc.txt,FALSE
application-for-anonymity-(utiac)-eng.txt,FALSE
application-for-anonymity-notes-(iat)-eng.txt,FALSE
application-for-anonymity-notes-(utiac)-eng.txt,FALSE
attachment-of-earnings-orders-for-criminal-fines-national-pilot-april-2004-eng.txt,TRUE
b1-eng_doc.txt,FALSE
bank-1-eng_doc.txt,FALSE
bank-2-eng_doc.txt,FALSE
bank-3-eng_doc.txt,FALSE
bank-4-eng_doc.txt,FALSE
bank-5-eng_doc.txt,FALSE
bank-6-eng_doc.txt,FALSE
bank-7-eng_doc.txt,FALSE
bank-8-eng_doc.txt,FALSE
bill-of-costs-(scco)-eng.txt,FALSE
c(pra1)-bil.txt,FALSE
c(pra1)-eng.txt,FALSE
c(pra2)-bil.txt,FALSE
c(pra2)-eng.txt,FALSE
c(pra3)-bil.txt,FALSE
c(pra3)-eng.txt,FALSE
c1-bil.txt,FALSE
c1-cym.txt,FALSE
c1-eng.txt,FALSE
c100-bil.txt,FALSE
c100-eng.txt,FALSE
c11-bil.txt,FALSE
c110-bil.txt,FALSE
c110-eng.txt,FALSE
c110a-cym.txt,FALSE
c110a-eng.txt,FALSE
c12-bil.txt,FALSE
c12-eng.txt,FALSE
c120-eng.txt,FALSE
c13-eng.txt,FALSE
c13a-eng.txt,FALSE
c14-bil.txt,FALSE
c14-eng.txt,FALSE
c15-bil.txt,FALSE
c15-eng.txt,FALSE
c16-bil.txt,FALSE
c16-eng.txt,FALSE
c17-bil.txt,FALSE
c17-eng.txt,FALSE
c17a-bil.txt,FALSE
c17a-eng.txt,FALSE
c18-bil.txt,FALSE
c18-eng.txt,FALSE
c19-eng.txt,FALSE
c1a-bil.txt,FALSE
c1a-eng.txt,FALSE
c1a-nodiadau-c1a-notes-bil.txt,FALSE
c1a-notes-eng.txt,FALSE
c2-bil.txt,FALSE
c2-eng.txt,FALSE
c20-cym.txt,FALSE
c20-eng.txt,FALSE
c23-eng.txt,FALSE
c3-bil.txt,FALSE
c3-eng.txt,FALSE
c4-bil.txt,FALSE
c4-eng.txt,FALSE
c5-bil.txt,FALSE
c5-eng.txt,FALSE
c51-bil.txt,FALSE
c51-eng.txt,FALSE
c52-bil.txt,FALSE
c52-eng.txt,FALSE
c60-bil.txt,FALSE
c60-eng.txt,FALSE
c61-eng.txt,FALSE
c62-eng.txt,FALSE
c63-bil.txt,FALSE
c63-eng.txt,FALSE
c64-bil.txt,FALSE
c64-eng.txt,FALSE
c65-bil.txt,FALSE
c65-eng.txt,FALSE
c66-bil.txt,FALSE
c66-eng.txt,FALSE
c67-eng.txt,FALSE
c68-eng.txt,FALSE
c69-eng.txt,FALSE
c7-bil.txt,FALSE
c7-eng.txt,FALSE
c78-bil.txt,TRUE
c78-eng.txt,TRUE
c79-bil.txt,FALSE
c79-eng.txt,FALSE
c8-bil.txt,FALSE
c8-eng.txt,FALSE
c9-bil.txt,FALSE
c9-eng.txt,FALSE
canllawiau-i-wys-rheithgor-guide-to-jury-summons-bil.txt,FALSE
capsbacs1-eng.txt,TRUE
capsbacs2-eng.txt,FALSE
capsbacs3-eng.txt,FALSE
capsbacs4-eng.txt,FALSE
case-management-information-sheet-eng_doc.txt,FALSE
cb1-cym.txt,FALSE
cb1-eng.txt,FALSE
cb2-cym.txt,FALSE
cb2-eng.txt,FALSE
cb3-cym.txt,FALSE
cb3-eng.txt,FALSE
cb4-cym.txt,FALSE
cb4-eng.txt,FALSE
cb5-cym.txt,FALSE
cb5-eng.txt,TRUE
cb6-cym.txt,FALSE
cb6-eng.txt,FALSE
cb7-cym.txt,FALSE
cb7-eng.txt,FALSE
certificate-of-loss-eng.txt,FALSE
ch1-eng_doc.txt,FALSE
ch10-eng_doc.txt,FALSE
ch11-eng_doc.txt,FALSE
ch12-eng_doc.txt,FALSE
ch13-eng_doc.txt,FALSE
ch14-eng_doc.txt,FALSE
ch15-eng_doc.txt,FALSE
ch16-eng_doc.txt,FALSE
ch17-eng_doc.txt,FALSE
ch18-eng_doc.txt,FALSE
ch19-eng_doc.txt,FALSE
ch2-eng_doc.txt,FALSE
ch20-eng_doc.txt,FALSE
ch21-eng_doc.txt,FALSE
ch22-eng_doc.txt,FALSE
ch23-eng_doc.txt,FALSE
ch24-eng_doc.txt,FALSE
ch25-eng_doc.txt,FALSE
ch26-eng_doc.txt,FALSE
ch27-eng_doc.txt,FALSE
ch28-eng_doc.txt,FALSE
ch29-eng_doc.txt,FALSE
ch3-eng_doc.txt,FALSE
ch30-eng_doc.txt,FALSE
ch31-eng_doc.txt,FALSE
ch32-eng_doc.txt,FALSE
ch33-eng_doc.txt,FALSE
ch34-eng_doc.txt,FALSE
ch35-eng_doc.txt,FALSE
ch36-eng_doc.txt,FALSE
ch37-eng_doc.txt,FALSE
ch38-eng_doc.txt,FALSE
ch39-eng_doc.txt,FALSE
ch4-eng_doc.txt,FALSE
ch40-eng_doc.txt,FALSE
ch41-eng_doc.txt,FALSE
ch42-eng_doc.txt,FALSE
ch43-eng_doc.txt,FALSE
ch44-eng_doc.txt,FALSE
ch5-eng_doc.txt,FALSE
ch6-eng_doc.txt,FALSE
ch7-eng_doc.txt,FALSE
ch8-eng_doc.txt,FALSE
ch9-eng_doc.txt,FALSE
child-support-how-to-appeal-(england)-eng.txt,FALSE
child-support-how-to-appeal-(scotland)-eng.txt,FALSE
cic-guide-1996-eng.txt,FALSE
cic-guide-2001-eng.txt,FALSE
cic-guide-2008-eng.txt,FALSE
cic-guide-2012-eng.txt,FALSE
coa-bundle-index-a1-a2-a3-eng_doc.txt,FALSE
coa-bundle-index-a1-a2-a3a-eng_doc.txt,FALSE
coa-bundle-index-a2-(eat)-eng_doc.txt,FALSE
coa-bundle-index-a2-(fa)-eng_doc.txt,FALSE
coa-bundle-index-a2-(sa)-eng_doc.txt,FALSE
coa-bundle-index-a3-c3-eng_doc.txt,FALSE
coa-bundle-index-a3a-eng_doc.txt,FALSE
coa-bundle-index-a3b-eng_doc.txt,FALSE
coa-bundle-index-b2-b5-(fa)-eng_doc.txt,FALSE
coa-bundle-index-b2-b5-(sa)-eng_doc.txt,FALSE
coa-bundle-index-b3-(fa)-eng_doc.txt,FALSE
coa-bundle-index-b3-(sa)-eng_doc.txt,FALSE
coa-bundle-index-b4-(fa)-eng_doc.txt,FALSE
coa-bundle-index-b4-(sa)-eng_doc.txt,FALSE
coa-bundle-index-b5-eng_doc.txt,FALSE
coa-bundle-index-b6-(fa)-eng_doc.txt,FALSE
coa-bundle-index-b6-(sa)-eng_doc.txt,FALSE
coa-bundle-index-c1-c4-t3-eng_doc.txt,FALSE
coa-bundle-index-c2-c3-a3-eng_doc.txt,FALSE
coa-bundle-index-c3-(cat)-eng_doc.txt,FALSE
coa-bundle-index-c3-(utlc)-eng_doc.txt,FALSE
coa-bundle-index-c4-c1-eng_doc.txt,FALSE
coa-bundle-index-c6-eng_doc.txt,FALSE
coa-bundle-index-t2-eng_doc.txt,FALSE
comp-1-eng_doc.txt,FALSE
comp-2-eng_doc.txt,FALSE
comp-3-eng_doc.txt,FALSE
comp-4-eng_doc.txt,FALSE
comp-5-eng_doc.txt,FALSE
comp-7-eng_doc.txt,FALSE
comp-8-eng_doc.txt,FALSE
control-order-eng_doc.txt,FALSE
cop-dla-cym.txt,FALSE
cop-dla-eng.txt,FALSE
cop-dlb-cym.txt,FALSE
cop-dlb-eng.txt,FALSE
cop-dlc-cym.txt,FALSE
cop-dld-cym.txt,FALSE
cop-dld-eng.txt,FALSE
cop-dle-cym.txt,FALSE
cop-dle-eng.txt,FALSE
cop-dol10-cym.txt,FALSE
cop-dol10-eng.txt,FALSE
cop-faq-eng.txt,FALSE
cop-gn1-cym.txt,FALSE
cop-gn1-eng.txt,FALSE
cop-gn2-cym.txt,FALSE
cop-gn2-eng.txt,FALSE
cop-gn3-cym.txt,FALSE
cop-gn3-eng.txt,FALSE
cop-gn4-cym.txt,FALSE
cop-gn4-eng.txt,FALSE
cop-gn5-cym.txt,FALSE
cop-gn5-eng.txt,FALSE
cop-gn6-cym.txt,FALSE
cop-gn7-cym.txt,FALSE
cop-gn8-cym.txt,FALSE
cop-gn8-eng.txt,FALSE
cop1-bil.txt,FALSE
cop1-cym.txt,FALSE
cop1-eng.txt,FALSE
cop10-bil.txt,FALSE
cop10-cym.txt,FALSE
cop10-eng.txt,FALSE
cop12-cym.txt,FALSE
cop12-eng.txt,FALSE
cop14-bil.txt,FALSE
cop14-cym.txt,FALSE
cop14-eng.txt,FALSE
cop14a-eng.txt,FALSE
cop15-bil.txt,FALSE
cop15-cym.txt,FALSE
cop15-eng.txt,FALSE
cop15a-eng.txt,FALSE
cop1a-bil.txt,FALSE
cop1a-eng.txt,FALSE
cop1b-bil.txt,FALSE
cop1b-eng.txt,FALSE
cop1c-eng.txt,FALSE
cop1d-eng.txt,FALSE
cop1e-eng.txt,FALSE
cop1f-eng.txt,FALSE
cop2-bil.txt,FALSE
cop2-cym.txt,FALSE
cop20-bil.txt,FALSE
cop20a-eng.txt,FALSE
cop20b-cym.txt,FALSE
cop20b-eng.txt,FALSE
cop21a-eng.txt,FALSE
cop21b-cym.txt,FALSE
cop21b-eng.txt,FALSE
cop22-bil.txt,FALSE
cop22-eng.txt,FALSE
cop23-bil.txt,FALSE
cop23-cym.txt,FALSE
cop23-eng.txt,FALSE
cop24-bil.txt,FALSE
cop24-cym.txt,FALSE
cop24-eng.txt,FALSE
cop25-bil.txt,FALSE
cop25-cym.txt,FALSE
cop25-eng.txt,FALSE
cop28-bil.txt,FALSE
cop28-cym.txt,FALSE
cop28-eng.txt,FALSE
cop29-bil.txt,FALSE
cop29-cym.txt,FALSE
cop29-eng.txt,FALSE
cop3-bil.txt,FALSE
cop3-cym.txt,FALSE
cop3-eng.txt,FALSE
cop30-bil.txt,FALSE
cop30-cym.txt,FALSE
cop30-eng.txt,FALSE
cop31-bil.txt,FALSE
cop31-cym.txt,FALSE
cop31-eng.txt,FALSE
cop35-bil.txt,FALSE
cop35-cym.txt,FALSE
cop35-eng.txt,FALSE
cop36-bil.txt,FALSE
cop36-cym.txt,FALSE
cop36-eng.txt,FALSE
cop37-cym.txt,FALSE
cop37-eng.txt,FALSE
cop4-bil.txt,FALSE
cop4-cym.txt,FALSE
cop4-eng.txt,FALSE
cop42-cym.txt,FALSE
cop42-eng.txt,FALSE
cop44-cym.txt,FALSE
cop44-eng.txt,FALSE
cop44a-cym.txt,FALSE
cop44a-eng.txt,FALSE
cop44b-eng.txt,FALSE
cop5-bil.txt,FALSE
cop5-eng.txt,FALSE
cop5a-eng.txt,FALSE
cop7-bil.txt,FALSE
cop7-cym.txt,FALSE
cop7-eng.txt,FALSE
cop8-cym.txt,FALSE
cop8-eng.txt,FALSE
cop9-bil.txt,FALSE
cop9-cym.txt,FALSE
cop9-eng.txt,FALSE
costs-eng_doc.txt,FALSE
county-court-business-centre-code-of-practice-eng.txt,FALSE
criminal-injuries-compensation-scheme-1996-eng.txt,FALSE
criminal-injuries-compensation-scheme-2001-eng.txt,FALSE
criminal-injuries-compensation-scheme-2008-eng.txt,FALSE
criminal-injuries-compensation-scheme-2012-eng.txt,FALSE
crown-court-preliminary-hearing-form-(multiple-defendants)-eng_doc.txt,FALSE
crown-court-preliminary-hearing-form-eng_doc.txt,FALSE
cs-a1-eng.txt,FALSE
cs-a2-eng.txt,FALSE
cs-a3-eng.txt,FALSE
cs-a4-eng.txt,FALSE
cs-a90-eng.txt,FALSE
cs-a91-eng.txt,FALSE
cs-p1-eng.txt,FALSE
cs-r1-eng.txt,FALSE
cs-r2-eng.txt,FALSE
cs-r3-eng.txt,FALSE
cs-r91-eng.txt,FALSE
cs-s1-eng.txt,FALSE
cs-wd-eng.txt,FALSE
cs01-eng.txt,FALSE
cs02-eng.txt,FALSE
cs03-eng.txt,FALSE
cs04-eng.txt,FALSE
d11-bil.txt,FALSE
d11-eng.txt,FALSE
d13b-bil.txt,FALSE
d13b-eng.txt,FALSE
d151-bil.txt,FALSE
d151-eng.txt,FALSE
d180-bil.txt,FALSE
d180-eng.txt,FALSE
d183-cym.txt,FALSE
d183-eng.txt,FALSE
d184-cym.txt,FALSE
d184-eng.txt,FALSE
d185-cym.txt,FALSE
d185-eng.txt,FALSE
d186-cym.txt,FALSE
d186-eng.txt,FALSE
d187-cym.txt,FALSE
d187-eng.txt,FALSE
d190-cym.txt,FALSE
d190-eng.txt,FALSE
d191-cym.txt,FALSE
d191-eng.txt,FALSE
d192-cym.txt,FALSE
d192-eng.txt,FALSE
d193-cym.txt,FALSE
d194-cym.txt,FALSE
d195-cym.txt,FALSE
d196-cym.txt,FALSE
d197-cym.txt,FALSE
d20-bil.txt,FALSE
d20-eng.txt,FALSE
d252-bil.txt,FALSE
d252-eng.txt,FALSE
d254-bil.txt,FALSE
d254-eng.txt,FALSE
d258-bil.txt,FALSE
d258-eng.txt,FALSE
d258a-bil.txt,FALSE
d258a-eng.txt,FALSE
d258b-bil.txt,FALSE
d258b-cym.txt,FALSE
d258b-eng.txt,FALSE
d258c-bil.txt,FALSE
d258c-eng.txt,FALSE
d259-bil.txt,FALSE
d259-eng.txt,FALSE
d36-bil.txt,FALSE
d36-eng.txt,FALSE
d440-cym.txt,FALSE
d440-eng.txt,FALSE
d5-bil.txt,FALSE
d5-eng.txt,FALSE
d50-bil.txt,FALSE
d50-eng.txt,FALSE
d508-cym.txt,FALSE
d508-nodiadau-notes-cym.txt,FALSE
d50a-bil.txt,FALSE
d50a-eng.txt,FALSE
d50b-bil.txt,FALSE
d50b-eng.txt,FALSE
d50c-bil.txt,FALSE
d50c-eng.txt,FALSE
d50d-bil.txt,FALSE
d50d-eng.txt,FALSE
d50e-bil.txt,FALSE
d50e-eng.txt,FALSE
d50f-bil.txt,FALSE
d50f-eng.txt,FALSE
d50g-bil.txt,FALSE
d50g-eng.txt,FALSE
d50h-bil.txt,FALSE
d50h-eng.txt,FALSE
d50j-bil.txt,FALSE
d50j-eng.txt,FALSE
d50k-bil.txt,FALSE
d50k-eng.txt,TRUE
d580(f)-bil.txt,FALSE
d6-bil.txt,FALSE
d6-eng.txt,FALSE
d62-bil.txt,FALSE
d62-eng.txt,FALSE
d63-bil.txt,FALSE
d63-eng.txt,FALSE
d650-eng.txt,FALSE
d651-eng.txt,FALSE
d70-bil.txt,FALSE
d70-eng.txt,FALSE
d8-bil.txt,TRUE
d8-eng.txt,FALSE
d8-nodiadau-d8-notes-bil.txt,FALSE
d80a-bil.txt,FALSE
d80a-eng.txt,FALSE
d80b-bil.txt,FALSE
d80b-eng.txt,FALSE
d80c-bil.txt,FALSE
d80c-eng.txt,FALSE
d80d-bil.txt,FALSE
d80d-eng.txt,FALSE
d80e-bil.txt,FALSE
d80e-eng.txt,FALSE
d80f-bil.txt,FALSE
d80f-eng.txt,FALSE
d80g-bil.txt,FALSE
d80g-eng.txt,FALSE
d81-bil.txt,TRUE
d81-eng.txt,FALSE
d84-bil.txt,FALSE
d84-eng.txt,FALSE
d89-bil.txt,FALSE
d89-cym.txt,FALSE
d89-eng.txt,FALSE
d8a-bil.txt,FALSE
d8b-bil.txt,FALSE
d8b-eng.txt,FALSE
d8d-bil.txt,FALSE
d8d-eng.txt,FALSE
d8d-nodiadau-d8d-notes-bil.txt,FALSE
d8d-notes-eng.txt,FALSE
d8n-bil.txt,FALSE
d8n-eng.txt,FALSE
d8n-nodiadau-d8n-notes-bil.txt,FALSE
d8n-notes-eng.txt,FALSE
eac1-eng.txt,FALSE
eac2-eng.txt,FALSE
eich-apel-y-camau-nesaf-cym.txt,FALSE
el1-eng.txt,FALSE
el2-eng.txt,FALSE
eld1-eng.txt,FALSE
eld2-eng.txt,FALSE
enquiry-form-(appellant)-eng.txt,FALSE
enquiry-form-(other-party)-eng.txt,FALSE
epl3-eng.txt,FALSE
epl4-eng.txt,FALSE
epl5-eng.txt,FALSE
epl6-and-epl7-eng.txt,FALSE
et1-cym.txt,FALSE
et1-eng.txt,FALSE
et1a-cym.txt,FALSE
et1a-eng.txt,FALSE
et3-cym.txt,FALSE
et3-eng.txt,FALSE
eu-article-53-eng.txt,FALSE
eu-article-60-eng.txt,FALSE
ex105-bil.txt,FALSE
ex105-eng.txt,FALSE
ex107-bil.txt,FALSE
ex107-eng.txt,FALSE
ex107-gwybodaeth-ex107-info-bil.txt,FALSE
ex107c-cym.txt,FALSE
ex107c-eng.txt,FALSE
ex107gn-cym.txt,FALSE
ex107gn-eng.txt,FALSE
ex108-eng.txt,FALSE
ex140-bil.txt,FALSE
ex140-eng.txt,FALSE
ex141-bil.txt,FALSE
ex141-eng.txt,FALSE
ex160-bil.txt,FALSE
ex160-eng.txt,FALSE
ex160a-bil.txt,FALSE
ex160a-eng.txt,FALSE
ex160b-eng.txt,FALSE
ex20-bil.txt,FALSE
ex20-cym.txt,FALSE
ex20-eng.txt,FALSE
ex244-eng_doc.txt,FALSE
ex301-bil.txt,FALSE
ex301-cym.txt,FALSE
ex301-eng.txt,FALSE
ex302-cym.txt,FALSE
ex302-eng.txt,FALSE
ex303-bil.txt,FALSE
ex303-cym.txt,FALSE
ex303-eng.txt,FALSE
ex304-bil.txt,FALSE
ex304-cym.txt,FALSE
ex304-eng.txt,FALSE
ex305-cym.txt,FALSE
ex305-eng.txt,FALSE
ex306-cym.txt,FALSE
ex306-eng.txt,FALSE
ex320-bil.txt,FALSE
ex320-cym.txt,FALSE
ex320-eng.txt,FALSE
ex321-cym.txt,FALSE
ex321-eng.txt,TRUE
ex322-cym.txt,FALSE
ex322-eng.txt,FALSE
ex323-cym.txt,FALSE
ex323-eng.txt,TRUE
ex324-cym.txt,FALSE
ex324-eng.txt,FALSE
ex325-cym.txt,FALSE
ex325-eng.txt,FALSE
ex326-(print-bras)-cym.txt,FALSE
ex326-cym.txt,FALSE
ex326-eng.txt,TRUE
ex327-bil.txt,TRUE
ex327-cym.txt,TRUE
ex327-eng.txt,TRUE
ex328-cym.txt,FALSE
ex328-eng.txt,TRUE
ex329-cym.txt,FALSE
ex329-eng.txt,TRUE
ex332-cym.txt,FALSE
ex332-eng.txt,FALSE
ex333-cym.txt,FALSE
ex333-eng.txt,FALSE
ex340-cym.txt,FALSE
ex340-eng.txt,FALSE
ex341-cym.txt,FALSE
ex341-eng.txt,FALSE
ex342-cym.txt,FALSE
ex342-eng.txt,FALSE
ex343-cym.txt,FALSE
ex343-eng.txt,FALSE
ex343a-bil.txt,FALSE
ex343a-cym.txt,FALSE
ex343a-eng.txt,FALSE
ex345-cym.txt,FALSE
ex345-eng.txt,FALSE
ex350-bil.txt,FALSE
ex350-cym.txt,FALSE
ex350-eng.txt,FALSE
ex370-bil.txt,FALSE
ex370-eng.txt,FALSE
ex375-cym.txt,FALSE
ex375-eng.txt,FALSE
ex380-eng.txt,FALSE
ex381-eng.txt,FALSE
ex50-cym.txt,FALSE
ex50-eng.txt,TRUE
ex501-bil.txt,FALSE
ex503-eng.txt,FALSE
ex504-eng.txt,FALSE
ex506-eng.txt,FALSE
ex50a-cym_doc.txt,FALSE
ex50a-eng_doc.txt,TRUE
ex550-bil.txt,FALSE
ex550-eng.txt,FALSE
ex660-eng.txt,FALSE
ex660-notes-eng.txt,FALSE
ex670-cym_doc.txt,FALSE
ex670-eng_doc.txt,FALSE
ex670-notes-eng.txt,FALSE
ex710-cym.txt,FALSE
ex710-eng.txt,FALSE
ex711-bil.txt,FALSE
ex711-cym.txt,FALSE
ex711-eng.txt,FALSE
ex715-cym.txt,FALSE
ex725-cym.txt,FALSE
ex725-eng.txt,FALSE
ex727-cym.txt,FALSE
ex727-eng.txt,FALSE
ex728-cym.txt,FALSE
ex728-eng.txt,FALSE
ex730-cym.txt,FALSE
ex730-eng.txt,FALSE
ex731-cym.txt,FALSE
ex80a-bil.txt,FALSE
ex80a-eng.txt,FALSE
ex80b-eng.txt,FALSE
ex97a-eng.txt,FALSE
exn161-eng_doc.txt,FALSE
exn162-eng_doc.txt,FALSE
fe15-bil.txt,TRUE
fe15-eng.txt,TRUE
fe16-bil.txt,TRUE
fe16-eng.txt,TRUE
fe17-bil.txt,TRUE
fe17-eng.txt,TRUE
fe6-cym.txt,FALSE
fe6-eng.txt,FALSE
fe7-cym.txt,FALSE
fe7-eng.txt,FALSE
fee-account-application-form-eng.txt,FALSE
fee-account-eng.txt,FALSE
fee-account-faqs-eng.txt,FALSE
fee-account-t_cs-eng.txt,FALSE
ffurflen-6_doc.txt,FALSE
ffurflen-6.txt,TRUE
ffurflen-a-form-a-bil.txt,FALSE
ffurflen-b-cym.txt,FALSE
ffurflen-cyswllt-(pleidiau-eraill)-cym.txt,FALSE
ffurflen-e-bil.txt,TRUE
ffurflen-e-canllawiau-cym.txt,FALSE
ffurflen-e-nodiadau-form-e-notes-bil.txt,FALSE
ffurflen-e1-form-e1-bil.txt,TRUE
ffurflen-e2-form-e2-bil.txt,FALSE
ffurflen-f-form-f-bil.txt,FALSE
ffurflen-h-form-h-bil.txt,FALSE
ffurflen-h1-form-h1-bil.txt,FALSE
ffurflen-i-form-i-bil.txt,FALSE
ffurflen-p1-form-p1-bil.txt,FALSE
ffurflen-p2-form-p2-bil.txt,FALSE
ffurflen-ymholiadau-cym.txt,FALSE
fgm001-cym.txt,FALSE
fgm001-eng.txt,FALSE
fgm002-cym.txt,FALSE
fgm003-cym.txt,FALSE
fgm003-eng.txt,FALSE
fgm004-cym.txt,FALSE
fgm005-cym.txt,FALSE
fgm005-eng.txt,FALSE
fgm006-cym.txt,FALSE
fgm006-eng.txt,FALSE
fgm007-cym.txt,FALSE
fgm007-eng.txt,FALSE
fgm700-amh.txt,FALSE
fgm700-ara.txt,FALSE
fgm700-cym.txt,FALSE
fgm700-eng.txt,FALSE
fgm700-far.txt,FALSE
fgm700-fre.txt,FALSE
fgm700-som.txt,FALSE
fgm700-swa.txt,FALSE
fgm700-tir.txt,FALSE
fgm700-tur.txt,FALSE
fgm700-urd.txt,FALSE
fgm701-cym.txt,FALSE
fgm701-eng.txt,FALSE
fixing-sheet-eng_doc.txt,FALSE
fl401-bil.txt,FALSE
fl401-eng.txt,FALSE
fl401a-bil.txt,FALSE
fl401a-eng.txt,FALSE
fl403-bil.txt,FALSE
fl403-eng.txt,FALSE
fl403a-bil.txt,FALSE
fl403a-eng.txt,FALSE
fl404b-cym.txt,FALSE
fl407-bil.txt,FALSE
fl407a-bil.txt,FALSE
fl407a-eng.txt,FALSE
fl410-bil.txt,FALSE
fl411-bil.txt,FALSE
fl415-bil.txt,FALSE
fl415-eng.txt,FALSE
fl430-bil.txt,FALSE
fl430-eng.txt,FALSE
fl431-bil.txt,FALSE
fl431-eng.txt,FALSE
fl700-cym.txt,FALSE
fl700-eng.txt,FALSE
fl701-ara.txt,FALSE
fl701-ben.txt,FALSE
fl701-cym.txt,FALSE
fl701-eng.txt,FALSE
fl701-far.txt,FALSE
fl701-pun.txt,FALSE
fl701-urd.txt,FALSE
fm1-eng.txt,FALSE
form-110-eng_doc.txt,FALSE
form-111-eng_doc.txt,FALSE
form-112-eng_doc.txt,FALSE
form-200-eng.txt,FALSE
form-201-eng.txt,FALSE
form-202-eng.txt,FALSE
form-204-eng.txt,FALSE
form-205-eng.txt,FALSE
form-206-eng.txt,FALSE
form-207-eng.txt,FALSE
form-4-eng.txt,FALSE
form-56a-eng.txt,FALSE
form-56b-eng.txt,FALSE
form-56c-eng.txt,FALSE
form-a-eng.txt,FALSE
form-a1-eng.txt,FALSE
form-a2-eng.txt,FALSE
form-b-eng.txt,FALSE
form-e-eng.txt,FALSE
form-e-notes-eng.txt,TRUE
form-e1-eng.txt,TRUE
form-e2-eng.txt,FALSE
form-edmo-eng_doc.txt,FALSE
form-f-eng.txt,FALSE
form-h-eng.txt,FALSE
form-h1-eng.txt,FALSE
form-hhsrs-eng_doc.txt,FALSE
form-hmo-eng_doc.txt,FALSE
form-ho4-eng_doc.txt,FALSE
form-i-eng.txt,FALSE
form-mo-eng_doc.txt,FALSE
form-ocn-eng_doc.txt,FALSE
form-p-eng.txt,FALSE
form-p1-eng.txt,TRUE
form-p10-eng_doc.txt,FALSE
form-p10-eng.txt,FALSE
form-p10-guidance-notes-eng.txt,FALSE
form-p2-eng.txt,TRUE
form-p9-eng_doc.txt,FALSE
form-p9-eng.txt,FALSE
form-p9-guidance-notes-eng.txt,FALSE
form-pe2-eng_doc.txt,FALSE
form-pe3-(vehicle-emissions)-eng_doc.txt,FALSE
form-pe3-(vehicle-emissions)-guidance-eng_doc.txt,FALSE
form-pe3-eng_doc.txt,FALSE
form-pe3-guidance-eng_doc.txt,FALSE
form-ppf-eng.txt,TRUE
form-ppf1-eng.txt,TRUE
form-ppf2-eng.txt,TRUE
form-rp-pta-eng_doc.txt,FALSE
form-rro1-eng_doc.txt,FALSE
form-rro2-eng_doc.txt,FALSE
form-rtb1-eng_doc.txt,FALSE
form-rtm-eng_doc.txt,FALSE
form-ta-eng_doc.txt,FALSE
fp1-bil.txt,FALSE
fp1-eng.txt,FALSE
fp161-cym.txt,FALSE
fp161-eng.txt,FALSE
fp161a-cym.txt,FALSE
fp161a-eng.txt,TRUE
fp161b-cym.txt,FALSE
fp161b-eng.txt,FALSE
fp162-cym.txt,FALSE
fp162-eng.txt,FALSE
fp162a-cym.txt,FALSE
fp162a-eng.txt,FALSE
fp1a-bil.txt,FALSE
fp1a-eng.txt,FALSE
fp1b-bil.txt,FALSE
fp1b-eng.txt,FALSE
fp2-bil.txt,FALSE
fp2-eng.txt,FALSE
fp200-cym.txt,FALSE
fp200-eng.txt,FALSE
fp201-cym.txt,FALSE
fp201-eng.txt,FALSE
fp202-cym.txt,FALSE
fp202-eng.txt,FALSE
fp244-cym.txt,FALSE
fp244-eng.txt,FALSE
fp244a-cym.txt,FALSE
fp244a-eng.txt,FALSE
fp25-eng.txt,FALSE
fp3-eng.txt,FALSE
fp5-bil.txt,FALSE
fp5-eng.txt,FALSE
fp6-bil.txt,FALSE
fp6-eng.txt,FALSE
fp8-bil.txt,FALSE
fp8-eng.txt,FALSE
fp9-bil.txt,FALSE
fp9-eng.txt,FALSE
ftc1-eng.txt,FALSE
ftc2-eng.txt,FALSE
ftc2-notes-eng.txt,FALSE
ftc3-eng.txt,FALSE
ftc3-notes-eng.txt,FALSE
gambling-application-for-fee-remission-for-companies-eng.txt,FALSE
gambling-guidance-on-fee-remission-for-companies-eng.txt,FALSE
getting-the-best-out-of-the-court-system-eng.txt,FALSE
gmappeal-1-eng.txt,FALSE
gmappeal2-eng.txt,FALSE
going-to-a-magistrates-court-eng.txt,FALSE
ground-rules-hearing-form-(multiple-defendants)-eng_doc.txt,FALSE
ground-rules-hearing-form-eng_doc.txt,FALSE
guidance-for-misc-out-of-court-payments-eng.txt,FALSE
gwys-rheithgor-cym.txt,FALSE
hq1-eng_doc.txt,FALSE
hq1-guardianship-eng_doc.txt,FALSE
hq2-eng_doc.txt,FALSE
iaa-eng_doc.txt,FALSE
iaft-1-eng.txt,FALSE
iaft-1-guide-eng.txt,FALSE
iaft-2-eng.txt,FALSE
iaft-2-guide-eng.txt,FALSE
iaft-3-eng.txt,FALSE
iaft-3-guide-eng.txt,FALSE
iaft-4-eng.txt,FALSE
iaft-4-guide-eng.txt,FALSE
iaft-5-eng.txt,FALSE
iaft-5-guide-eng.txt,FALSE
iaft-5(dia)-eng_doc.txt,FALSE
iaft-5(dia)-guide-eng.txt,FALSE
iaft-6-eng.txt,FALSE
iaft-6-guide-eng.txt,FALSE
iaft-7-eng.txt,FALSE
iaft-7-guide-eng.txt,FALSE
iaut1-eng.txt,FALSE
iaut1-guide-eng.txt,FALSE
iaut3-eng_doc.txt,FALSE
iaut3-eng.txt,FALSE
jr1-eng_doc.txt,FALSE
jr1-eng.txt,FALSE
jr1-guidance-eng_doc.txt,FALSE
jr1-guidance-eng.txt,FALSE
jr2-eng_doc.txt,FALSE
jr2-eng.txt,FALSE
jrc1-eng_doc.txt,FALSE
jrc1-eng.txt,FALSE
jrc1-notes-eng_doc.txt,FALSE
juror-charter-eng.txt,FALSE
jury-summons-form-eng.txt,FALSE
jury-summons-guide-eng.txt,FALSE
leasehold-1-eng_doc.txt,FALSE
leasehold-10-eng_doc.txt,FALSE
leasehold-11-eng_doc.txt,FALSE
leasehold-12-eng_doc.txt,FALSE
leasehold-13-eng_doc.txt,FALSE
leasehold-14-eng_doc.txt,FALSE
leasehold-15-eng_doc.txt,FALSE
leasehold-1a-eng_doc.txt,FALSE
leasehold-2-eng_doc.txt,FALSE
leasehold-3-eng_doc.txt,FALSE
leasehold-4-eng_doc.txt,FALSE
leasehold-5-eng_doc.txt,FALSE
leasehold-6-eng_doc.txt,FALSE
leasehold-7-eng_doc.txt,FALSE
leasehold-8-eng_doc.txt,FALSE
leasehold-9-eng_doc.txt,FALSE
loc002-eng.txt,TRUE
loc006-eng.txt,FALSE
loc009-eng.txt,FALSE
loc010-eng.txt,FALSE
loc013-eng_doc.txt,FALSE
loc014-eng.txt,FALSE
loc040-eng_doc.txt,FALSE
loc045-eng_doc.txt,TRUE
lpa-008-eng.txt,FALSE
lwfansau-cym.txt,FALSE
mc100-bil.txt,FALSE
mc100-chi.txt,FALSE
mc100-cym.txt,FALSE
mc100-cze.txt,FALSE
mc100-eng.txt,FALSE
mc100-gre.txt,FALSE
mc100-guj.txt,FALSE
mc100-hin.txt,FALSE
mc100-hrv.txt,FALSE
mc100-kur.txt,FALSE
mc100-pol.txt,FALSE
mc100-por.txt,FALSE
mc100-pun.txt,FALSE
mc100-spa.txt,FALSE
mc100-srp.txt,FALSE
mc100-tur.txt,FALSE
mc100-urd.txt,FALSE
mc100-zho.txt,FALSE
mc102-eng.txt,FALSE
mc150-bil.txt,FALSE
mc150-eng.txt,FALSE
mcol-guide-eng.txt,FALSE
mercantile-directions-eng_doc.txt,TRUE
mercantile-template-1-eng_doc.txt,TRUE
mercantile-template-2-eng_doc.txt,TRUE
mercantile-template-3-eng_doc.txt,TRUE
mercantile-template-4-eng_doc.txt,TRUE
mercantile-template-5-eng_doc.txt,TRUE
mercantile-template-6-eng_doc.txt,TRUE
mps-expenses-notice-of-appeal-eng.txt,FALSE
mynd-i-lys-ynadon-cym.txt,FALSE
n1-bil.txt,FALSE
n1-eng.txt,FALSE
n1(cc)-eng.txt,FALSE
n1(ccfl)-eng.txt,FALSE
n1(chfl)-eng.txt,FALSE
n1(fd)-bil.txt,FALSE
n11-bil.txt,FALSE
n11-eng.txt,FALSE
n110a-cym.txt,FALSE
n110a-eng.txt,FALSE
n117-bil.txt,FALSE
n117-cym.txt,FALSE
n117-eng.txt,FALSE
n119-bil.txt,FALSE
n119-eng.txt,FALSE
n119a-bil.txt,FALSE
n119a-eng.txt,FALSE
n11b-bil.txt,FALSE
n11b-eng.txt,FALSE
n11d-bil.txt,FALSE
n11d-eng.txt,FALSE
n11m-bil.txt,FALSE
n11m-eng.txt,FALSE
n11r-bil.txt,FALSE
n11r-eng.txt,FALSE
n120-bil.txt,FALSE
n120-eng.txt,FALSE
n121-bil.txt,FALSE
n121-eng.txt,FALSE
n122-bil.txt,FALSE
n122-eng.txt,FALSE
n123-eng.txt,FALSE
n130-bil.txt,FALSE
n130-eng.txt,FALSE
n133-bil.txt,FALSE
n133-eng.txt,FALSE
n139-eng.txt,FALSE
n142-eng.txt,FALSE
n143-eng.txt,FALSE
n149-bil.txt,FALSE
n149a-eng.txt,FALSE
n149b-eng.txt,FALSE
n149c-eng.txt,FALSE
n15-bil.txt,FALSE
n15-eng.txt,FALSE
n150-bil.txt,FALSE
n151-bil.txt,FALSE
n154-eng.txt,FALSE
n155-eng.txt,FALSE
n157-eng.txt,FALSE
n159-eng.txt,FALSE
n16-eng.txt,FALSE
n16(1)-eng.txt,FALSE
n161-bil.txt,FALSE
n161-eng.txt,FALSE
n161a-bil.txt,FALSE
n161a-cym.txt,FALSE
n161a-eng.txt,FALSE
n161b-bil.txt,FALSE
n161b-eng.txt,FALSE
n161c-bil.txt,FALSE
n161c-eng.txt,FALSE
n161d-cym.txt,FALSE
n161d-eng.txt,FALSE
n162-bil.txt,FALSE
n162-eng.txt,FALSE
n162a-bil.txt,FALSE
n162a-eng.txt,FALSE
n163-bil.txt,FALSE
n164-bil.txt,FALSE
n164-eng.txt,FALSE
n16a-bil.txt,FALSE
n16a-eng.txt,FALSE
n170-bil.txt,FALSE
n170-eng.txt,FALSE
n172-eng.txt,FALSE
n180-bil.txt,FALSE
n180-eng.txt,FALSE
n181-bil.txt,FALSE
n181-eng.txt,FALSE
n182-eng_doc.txt,FALSE
n1a-bil.txt,FALSE
n1a-eng.txt,FALSE
n1c-bil.txt,FALSE
n1c-eng.txt,FALSE
n1c(cc)-eng.txt,FALSE
n1c(ccchfl)-eng.txt,FALSE
n1d-bil.txt,FALSE
n1d-eng.txt,FALSE
n1fd-eng.txt,FALSE
n1sdt-eng.txt,FALSE
n2-bil.txt,FALSE
n2-eng.txt,FALSE
n20-bil.txt,FALSE
n20-eng.txt,FALSE
n205a-eng.txt,FALSE
n205d-eng.txt,FALSE
n208-bil.txt,FALSE
n208-eng.txt,FALSE
n208(cc)-eng.txt,FALSE
n208(ccfl)-eng.txt,FALSE
n208(chfl)-eng.txt,FALSE
n208a-bil.txt,FALSE
n208a-eng.txt,FALSE
n208c-bil.txt,FALSE
n208c-eng.txt,FALSE
n208c(cc)-bil.txt,FALSE
n208c(cc)-eng.txt,FALSE
n208pc-eng.txt,FALSE
n209a-eng.txt,FALSE
n210-bil.txt,FALSE
n210-eng.txt,FALSE
n210(cc)-eng.txt,FALSE
n210(ccfl)-eng.txt,FALSE
n210(chfl)-eng.txt,FALSE
n210a-bil.txt,FALSE
n210a-eng.txt,FALSE
n210b-eng.txt,FALSE
n210c-eng.txt,FALSE
n210pc-eng.txt,FALSE
n211-bil.txt,FALSE
n211-eng.txt,FALSE
n211(cc)-eng.txt,FALSE
n211(ccfl)-eng.txt,FALSE
n211(chfl)-eng.txt,FALSE
n211a-eng.txt,FALSE
n211c-bil.txt,FALSE
n211c-eng.txt,FALSE
n211c(cc)-eng.txt,FALSE
n211c(cc)-nodiadau-cym.txt,FALSE
n213-bil.txt,FALSE
n213-eng.txt,FALSE
n213(cc)-bil.txt,FALSE
n213(cc)-eng.txt,FALSE
n213(ccfl)-eng.txt,FALSE
n213(chfl)-eng.txt,FALSE
n215-bil.txt,FALSE
n215-eng.txt,FALSE
n215pc-eng.txt,FALSE
n218-bil.txt,FALSE
n218-eng.txt,FALSE
n219-eng.txt,FALSE
n219a-eng.txt,FALSE
n224-bil.txt,FALSE
n224-eng.txt,FALSE
n225-bil.txt,FALSE
n225-eng.txt,FALSE
n225a-eng.txt,FALSE
n226-eng.txt,FALSE
n227-bil.txt,FALSE
n227-eng.txt,FALSE
n228-cym.txt,FALSE
n228-eng.txt,FALSE
n235-bil.txt,FALSE
n235-eng.txt,FALSE
n24-eng.txt,FALSE
n242-bil.txt,FALSE
n242-eng.txt,FALSE
n242a-bil.txt,FALSE
n242a-eng.txt,FALSE
n244-bil.txt,FALSE
n244-eng.txt,FALSE
n244-nodiadau-n244-notes-bil.txt,FALSE
n244-notes-eng.txt,FALSE
n244(cc)-eng.txt,FALSE
n244(ccfl)-eng.txt,FALSE
n244(chfl)-eng.txt,FALSE
n245-bil.txt,FALSE
n245-eng.txt,FALSE
n251-bil.txt,FALSE
n251-eng.txt,FALSE
n252-eng.txt,FALSE
n253-bil.txt,FALSE
n253a-eng.txt,FALSE
n254-eng.txt,FALSE
n255(cc)-cym.txt,FALSE
n255(cc)-eng.txt,FALSE
n255(hc)-cym.txt,FALSE
n255(hc)-eng.txt,FALSE
n256(cc)-cym.txt,FALSE
n256(cc)-eng.txt,FALSE
n256(hc)-eng.txt,FALSE
n258-bil.txt,FALSE
n258-eng.txt,FALSE
n258a-bil.txt,FALSE
n258a-eng.txt,FALSE
n258b-bil.txt,FALSE
n258b-eng.txt,FALSE
n258c-bil.txt,FALSE
n258c-eng.txt,FALSE
n259-eng.txt,FALSE
n260-bil.txt,FALSE
n260-eng.txt,FALSE
n261-eng.txt,FALSE
n263-eng.txt,FALSE
n264-bil_doc.txt,TRUE
n264-eng_doc.txt,TRUE
n265-bil.txt,FALSE
n265-eng.txt,FALSE
n265(cc)-eng.txt,FALSE
n265(ccfl)-eng.txt,FALSE
n265(chfl)-eng.txt,FALSE
n266-eng.txt,FALSE
n268-eng.txt,FALSE
n270-cym.txt,FALSE
n270-eng.txt,FALSE
n279-eng.txt,FALSE
n285-bil.txt,FALSE
n285-eng.txt,FALSE
n292-eng.txt,FALSE
n293a-bil.txt,FALSE
n293a-eng.txt,FALSE
n294-bil.txt,FALSE
n294-eng.txt,FALSE
n2a-bil.txt,FALSE
n2a-eng.txt,FALSE
n2b-eng.txt,FALSE
n3-bil.txt,FALSE
n3-eng.txt,FALSE
n30-eng.txt,FALSE
n30(ch)-eng.txt,FALSE
n316-bil.txt,FALSE
n316-cym.txt,FALSE
n316-eng.txt,FALSE
n316a-bil.txt,FALSE
n316a-eng.txt,FALSE
n322a-bil.txt,FALSE
n322a-eng.txt,FALSE
n322a-guidance-notes-eng.txt,FALSE
n322a-nodiadau-n322a-notes-bil.txt,FALSE
n322b-bil.txt,FALSE
n322b-eng.txt,FALSE
n322b-guidance-notes-eng.txt,FALSE
n322b-nodiadau-n322b-notes-bil.txt,FALSE
n323-bil.txt,FALSE
n323-eng.txt,FALSE
n324-bil.txt,FALSE
n324-eng.txt,FALSE
n325-bil.txt,FALSE
n325-eng.txt,FALSE
n325a-eng.txt,FALSE
n331-eng_doc.txt,FALSE
n336-bil.txt,FALSE
n336-eng.txt,TRUE
n337-bil.txt,TRUE
n337-eng.txt,TRUE
n342-bil.txt,FALSE
n342-eng.txt,FALSE
n344-eng.txt,FALSE
n349-bil.txt,FALSE
n349-eng.txt,FALSE
n358-eng_doc.txt,FALSE
n379-bil.txt,FALSE
n379-eng.txt,FALSE
n380-cym.txt,FALSE
n380-eng.txt,FALSE
n39-eng.txt,FALSE
n434-bil.txt,FALSE
n434-eng.txt,FALSE
n440-bil.txt,FALSE
n440-eng.txt,FALSE
n441-bil.txt,FALSE
n441-eng.txt,FALSE
n443-bil.txt,FALSE
n443-eng.txt,FALSE
n445-bil.txt,FALSE
n445-eng.txt,FALSE
n446-bil.txt,FALSE
n446-eng.txt,TRUE
n460-eng.txt,FALSE
n460hc-eng.txt,FALSE
n461-bil.txt,FALSE
n461-eng.txt,FALSE
n461-nodiadau-n461-notes-bil.txt,FALSE
n461-notes-eng.txt,FALSE
n461pc-eng.txt,FALSE
n462-bil.txt,FALSE
n462-eng.txt,FALSE
n462pc-eng.txt,FALSE
n463-bil.txt,FALSE
n463-eng.txt,FALSE
n463pc-eng.txt,FALSE
n464-bil.txt,FALSE
n464-eng.txt,FALSE
n464pc-eng.txt,FALSE
n465-bil.txt,FALSE
n465-eng.txt,FALSE
n465pc-eng.txt,FALSE
n471-bil.txt,FALSE
n471-eng.txt,FALSE
n471a-eng.txt,FALSE
n5-bil.txt,FALSE
n5-eng.txt,FALSE
n500-eng.txt,FALSE
n500a-eng.txt,FALSE
n500b-eng.txt,FALSE
n501-eng.txt,FALSE
n501a-eng.txt,FALSE
n501b-eng.txt,FALSE
n502-eng.txt,FALSE
n503-eng.txt,FALSE
n504-eng.txt,FALSE
n510-bil.txt,FALSE
n510-eng.txt,FALSE
n56-bil.txt,FALSE
n56-eng.txt,TRUE
n5a-bil.txt,FALSE
n5a-eng.txt,FALSE
n5b-bil.txt,FALSE
n5b-eng.txt,FALSE
n5c-bil.txt,FALSE
n6-bil.txt,FALSE
n6-eng.txt,FALSE
n67-eng.txt,FALSE
n7-bil.txt,FALSE
n7-eng.txt,FALSE
n77-eng.txt,FALSE
n7a-bil.txt,FALSE
n7a-eng.txt,FALSE
n7b-bil.txt,FALSE
n7b-eng.txt,FALSE
n7d-bil.txt,FALSE
n7d-eng.txt,FALSE
n8-eng.txt,FALSE
n86-eng.txt,FALSE
n87-eng.txt,FALSE
n8a-bil.txt,FALSE
n8a-eng.txt,FALSE
n8b-bil.txt,FALSE
n8b-eng.txt,FALSE
n9-bil.txt,FALSE
n9-eng.txt,FALSE
n9(cc)-bil.txt,FALSE
n9(cc)-eng.txt,FALSE
n9(ccch)-eng.txt,FALSE
n9(ccfl)-eng.txt,FALSE
n92-bil.txt,FALSE
n92-eng.txt,TRUE
n93-bil.txt,FALSE
n93-eng.txt,TRUE
n9a-bil.txt,FALSE
n9a-eng.txt,FALSE
n9b-bil.txt,FALSE
n9b-eng.txt,FALSE
n9c-bil.txt,FALSE
n9c-eng.txt,FALSE
n9d-bil.txt,FALSE
n9d-eng.txt,FALSE
no_doc.txt,FALSE
no.txt,FALSE
notice-of-intention-to-pursue-an-appeal-eng.txt,FALSE
pa1-bil.txt,FALSE
pa1-eng.txt,FALSE
pa10-cym.txt,FALSE
pa1a-bil.txt,FALSE
pa1s-bil.txt,FALSE
pa1s-eng.txt,FALSE
pa1t-bil.txt,FALSE
pa2-cym.txt,FALSE
pa2-eng.txt,FALSE
pa3-bil.txt,FALSE
pa3-eng.txt,FALSE
pa4-bil.txt,FALSE
pa4-eng.txt,FALSE
pa5-cym.txt,FALSE
pa5-eng.txt,FALSE
pa6-cym.txt,FALSE
pa7-cym.txt,FALSE
pa7-eng.txt,FALSE
pa7a-eng.txt,FALSE
pa8-cym.txt,FALSE
pa8-eng.txt,FALSE
pa8a-eng.txt,FALSE
pa9-cym.txt,FALSE
pa97-bil_doc.txt,FALSE
pa97-eng_doc.txt,FALSE
pc001-(birmingham)-eng.txt,FALSE
pc001-(cardiff)-eng.txt,FALSE
pc001-(leeds)-eng.txt,FALSE
pc001-(london)-eng.txt,FALSE
pc001-(manchester)-eng.txt,FALSE
pcmh-bil_doc.txt,FALSE
pcpf244-eng.txt,FALSE
pf1-eng_doc.txt,FALSE
pf10-eng_doc.txt,FALSE
pf102-eng_doc.txt,FALSE
pf103-eng_doc.txt,FALSE
pf104-eng_doc.txt,FALSE
pf105-eng_doc.txt,FALSE
pf106-eng_doc.txt,FALSE
pf11-eng_doc.txt,FALSE
pf113-eng_doc.txt,FALSE
pf120a-eng.txt,FALSE
pf120b-eng_doc.txt,FALSE
pf130-eng_doc.txt,FALSE
pf141-eng_doc.txt,FALSE
pf147-eng_doc.txt,FALSE
pf148-eng_doc.txt,FALSE
pf149-eng_doc.txt,FALSE
pf150-eng_doc.txt,FALSE
pf152-eng_doc.txt,FALSE
pf153-eng_doc.txt,FALSE
pf154-eng_doc.txt,FALSE
pf156-eng_doc.txt,FALSE
pf157-eng_doc.txt,FALSE
pf159a-eng_doc.txt,FALSE
pf159b-eng_doc.txt,FALSE
pf159c-eng_doc.txt,FALSE
pf159d-eng_doc.txt,FALSE
pf159e-eng_doc.txt,FALSE
pf16-eng_doc.txt,FALSE
pf160-eng_doc.txt,FALSE
pf163-eng_doc.txt,FALSE
pf164a-eng_doc.txt,FALSE
pf164b-eng_doc.txt,FALSE
pf165-eng_doc.txt,FALSE
pf166-eng_doc.txt,FALSE
pf167-eng_doc.txt,FALSE
pf168-eng_doc.txt,FALSE
pf168a-eng_doc.txt,FALSE
pf17-eng_doc.txt,FALSE
pf170a-eng_doc.txt,FALSE
pf170b-eng_doc.txt,FALSE
pf172-eng_doc.txt,FALSE
pf177-eng_doc.txt,FALSE
pf179-eng_doc.txt,FALSE
pf180-eng_doc.txt,FALSE
pf180a-eng_doc.txt,FALSE
pf180b-eng_doc.txt,FALSE
pf181-eng_doc.txt,FALSE
pf182-eng_doc.txt,FALSE
pf183-eng_doc.txt,FALSE
pf184-eng_doc.txt,FALSE
pf185-eng_doc.txt,FALSE
pf186-eng_doc.txt,FALSE
pf187-eng_doc.txt,FALSE
pf188-eng_doc.txt,FALSE
pf19-eng_doc.txt,FALSE
pf197-eng_doc.txt,FALSE
pf198-eng_doc.txt,FALSE
pf2-eng_doc.txt,FALSE
pf205-eng_doc.txt,FALSE
pf20a-eng_doc.txt,FALSE
pf20b-eng_doc.txt,FALSE
pf21-eng_doc.txt,FALSE
pf22-eng_doc.txt,FALSE
pf23-eng_doc.txt,FALSE
pf24-eng_doc.txt,FALSE
pf244-bil_doc.txt,FALSE
pf244-eng_doc.txt,FALSE
pf25-eng_doc.txt,FALSE
pf26-eng_doc.txt,FALSE
pf27-eng_doc.txt,FALSE
pf28-eng_doc.txt,FALSE
pf29-eng_doc.txt,FALSE
pf3-eng_doc.txt,FALSE
pf30-eng_doc.txt,FALSE
pf31-eng_doc.txt,FALSE
pf32-eng_doc.txt,FALSE
pf34-eng_doc.txt,FALSE
pf4-eng_doc.txt,FALSE
pf43-eng_doc.txt,FALSE
pf44-eng_doc.txt,FALSE
pf48-eng_doc.txt,FALSE
pf49-eng.txt,FALSE
pf5-eng_doc.txt,FALSE
pf50-eng.txt,FALSE
pf52-eng_doc.txt,FALSE
pf52a-eng_doc.txt,FALSE
pf53-eng_doc.txt,FALSE
pf56-eng_doc.txt,FALSE
pf57-eng_doc.txt,FALSE
pf58-eng_doc.txt,FALSE
pf63-eng_doc.txt,FALSE
pf67-eng_doc.txt,FALSE
pf68-eng_doc.txt,FALSE
pf6a-eng_doc.txt,FALSE
pf6b-eng_doc.txt,FALSE
pf71-eng_doc.txt,FALSE
pf72-eng_doc.txt,FALSE
pf74-eng_doc.txt,FALSE
pf78-eng_doc.txt,FALSE
pf7a-eng_doc.txt,FALSE
pf7b-eng_doc.txt,FALSE
pf8-eng_doc.txt,FALSE
pf83-eng_doc.txt,FALSE
pf84a-eng_doc.txt,FALSE
pf84b-eng_doc.txt,FALSE
pf84c-eng_doc.txt,FALSE
pf84d-eng_doc.txt,FALSE
pf85a-eng_doc.txt,FALSE
pf85b-eng_doc.txt,FALSE
pf86-eng_doc.txt,FALSE
pf86a-eng_doc.txt,FALSE
pf87-eng_doc.txt,FALSE
pf88-eng_doc.txt,FALSE
pf89-eng_doc.txt,FALSE
pf9-eng.txt,FALSE
pf90a-eng_doc.txt,FALSE
pf90b-eng_doc.txt,FALSE
pf90c-eng_doc.txt,FALSE
pf91-eng_doc.txt,FALSE
pf92-eng_doc.txt,FALSE
pf97-eng_doc.txt,FALSE
ph1-eng_doc.txt,FALSE
ph10-eng_doc.txt,FALSE
ph11-eng_doc.txt,FALSE
ph12-eng_doc.txt,FALSE
ph13-eng_doc.txt,FALSE
ph14-eng_doc.txt,FALSE
ph15-eng_doc.txt,FALSE
ph16-eng_doc.txt,FALSE
ph17-eng_doc.txt,FALSE
ph18-eng_doc.txt,FALSE
ph19-eng_doc.txt,FALSE
ph2-eng_doc.txt,FALSE
ph3-eng_doc.txt,FALSE
ph4-eng_doc.txt,FALSE
ph5-eng_doc.txt,FALSE
ph6-eng_doc.txt,FALSE
ph7-eng_doc.txt,FALSE
ph8-eng_doc.txt,FALSE
ph9-eng_doc.txt,FALSE
phl-guide-eng.txt,FALSE
pl1-eng.txt,FALSE
pl2-eng.txt,FALSE
plo1-eng_doc.txt,FALSE
plo2-eng_doc.txt,FALSE
plo3-eng_doc.txt,FALSE
plo4-eng_doc.txt,FALSE
plo5-eng.txt,FALSE
plo6-eng.txt,FALSE
plo8-eng_doc.txt,FALSE
plo9-eng_doc.txt,FALSE
plp10-eng_doc.txt,FALSE
poac1-eng.txt,FALSE
ppf-bil.txt,TRUE
ppf1-bil.txt,TRUE
ppf2-bil.txt,TRUE
pra-cancellation-form-eng_doc.txt,FALSE
pra-form-eng_doc.txt,FALSE
pre-trial-checklist-eng_doc.txt,FALSE
precedent-h-guidance-notes-eng_doc.txt,FALSE
progress-monitoring-information-sheet-eng_doc.txt,FALSE
qbd-oha-eng_doc.txt,FALSE
remo-10-eng_doc.txt,FALSE
remo-11-eng_doc.txt,FALSE
remo-12-eng_doc.txt,FALSE
remo-13-eng_doc.txt,FALSE
remo-20-eng.txt,FALSE
remo-7-eng.txt,FALSE
remo-7-notes-eng.txt,FALSE
remo-8-eng.txt,FALSE
remo-8-notes-eng.txt,FALSE
remo-9-eng_doc.txt,FALSE
remo20-cym.txt,FALSE
rent-3-eng.txt,FALSE
rents-1-eng_doc.txt,FALSE
rents-2-eng_doc.txt,FALSE
rents-3-eng_doc.txt,FALSE
rta1-eng.txt,FALSE
rta2-eng.txt,FALSE
rta3-eng.txt,FALSE
rta4-eng.txt,FALSE
rta5-eng.txt,FALSE
rta6-rta-7-eng.txt,FALSE
scco-eng.txt,FALSE
sd1-eng_doc.txt,FALSE
sd2-eng_doc.txt,FALSE
sd3-eng_doc.txt,FALSE
sd4-eng_doc.txt,FALSE
secure-data-transfer-eng.txt,FALSE
send1-eng.txt,FALSE
send10-eng.txt,FALSE
send11-eng.txt,FALSE
send11yp-eng.txt,FALSE
send12-eng.txt,FALSE
send14-eng.txt,FALSE
send15-eng.txt,FALSE
send15a-eng.txt,FALSE
send15ayp-eng.txt,FALSE
send15yp-eng.txt,FALSE
send16-eng.txt,FALSE
send16a-eng.txt,FALSE
send17-eng.txt,FALSE
send18-eng.txt,FALSE
send1a-eng.txt,FALSE
send2-eng.txt,FALSE
send20-eng.txt,FALSE
send20a-eng.txt,FALSE
send20b-eng.txt,FALSE
send20c-eng.txt,FALSE
send21-eng.txt,FALSE
send22-eng.txt,FALSE
send23-eng.txt,FALSE
send24-eng.txt,FALSE
send24a-eng.txt,FALSE
send24b-eng.txt,FALSE
send25-eng.txt,FALSE
send26a-eng.txt,FALSE
send26b-eng.txt,FALSE
send27-eng.txt,TRUE
send28-eng.txt,FALSE
send28a-eng.txt,FALSE
send28b-eng.txt,FALSE
send3-eng.txt,FALSE
send30-eng.txt,FALSE
send4-eng.txt,FALSE
send4a-eng.txt,FALSE
send4b-eng.txt,FALSE
send5-eng.txt,FALSE
send6-eng.txt,FALSE
send7-eng.txt,FALSE
send8-eng.txt,FALSE
send9-eng.txt,FALSE
sscs1-(large-print)-eng.txt,FALSE
sscs1-(print-bras)-cym.txt,FALSE
sscs1-cym.txt,FALSE
sscs1-eng.txt,FALSE
sscs1a-(large-print)-eng.txt,FALSE
sscs1a-cym.txt,FALSE
sscs1a-eng.txt,FALSE
sscs2-(large-print)-eng.txt,FALSE
sscs2-(print-bras)-cym.txt,FALSE
sscs2-cym.txt,FALSE
sscs2-eng.txt,FALSE
sscs3-eng.txt,FALSE
sscs4-eng.txt,FALSE
sscs5-eng.txt,FALSE
sscs5a-eng.txt,FALSE
sscs6-cym.txt,FALSE
sscs6-eng.txt,FALSE
sscs6a-cym.txt,FALSE
sscs6a-eng.txt,FALSE
t001-cym.txt,FALSE
t001-eng.txt,FALSE
t002-cym.txt,FALSE
t002-eng.txt,FALSE
t003-eng.txt,FALSE
t005-cym.txt,FALSE
t005-eng.txt,FALSE
t006-cym.txt,FALSE
t006-eng.txt,FALSE
t03-eng.txt,FALSE
t04-eng.txt,FALSE
t10-eng.txt,FALSE
t108-eng.txt,FALSE
t108a-eng.txt,FALSE
t108b-eng.txt,FALSE
t11-eng.txt,FALSE
t110-eng_doc.txt,FALSE
t110-guardianship-eng_doc.txt,FALSE
t111-eng_doc.txt,FALSE
t112-eng.txt,FALSE
t113-eng_doc.txt,FALSE
t114-eng.txt,FALSE
t116-notes-eng.txt,FALSE
t117-eng.txt,FALSE
t118-cym.txt,FALSE
t118-eng.txt,FALSE
t12-eng.txt,FALSE
t120-eng.txt,FALSE
t121-eng.txt,FALSE
t122-eng.txt,FALSE
t123-eng.txt,FALSE
t127-eng.txt,FALSE
t128-eng_doc.txt,FALSE
t129-eng.txt,FALSE
t130-eng.txt,FALSE
t131-eng.txt,FALSE
t132-eng.txt,FALSE
t133-eng.txt,FALSE
t134-eng.txt,FALSE
t135-eng.txt,FALSE
t136-eng.txt,FALSE
t137-eng.txt,FALSE
t138-eng.txt,FALSE
t139-eng.txt,FALSE
t140-eng.txt,FALSE
t141-eng.txt,FALSE
t142-eng.txt,FALSE
t143-eng.txt,FALSE
t144-eng.txt,FALSE
t170-eng.txt,FALSE
t171-eng.txt,FALSE
t172-eng.txt,FALSE
t173-eng.txt,FALSE
t200-eng.txt,FALSE
t211-bil.txt,FALSE
t239-eng.txt,FALSE
t240-eng.txt,FALSE
t241-eng.txt,FALSE
t242-eng.txt,FALSE
t243-eng.txt,FALSE
t244-eng.txt,FALSE
t245-eng.txt,FALSE
t246-eng.txt,FALSE
t247-eng.txt,FALSE
t248-eng.txt,FALSE
t249-eng.txt,FALSE
t251-eng.txt,FALSE
t252-eng.txt,FALSE
t35-eng_doc.txt,FALSE
t359-eng.txt,FALSE
t36-eng.txt,FALSE
t362-eng.txt,FALSE
t37-eng.txt,FALSE
t370-eng.txt,FALSE
t371-eng.txt,FALSE
t372-eng.txt,FALSE
t373-eng.txt,FALSE
t374-eng.txt,FALSE
t375-eng.txt,FALSE
t379-eng.txt,FALSE
t38-eng.txt,FALSE
t380-eng_doc.txt,FALSE
t381-eng.txt,FALSE
t382-eng_doc.txt,FALSE
t382-eng.txt,FALSE
t383-eng_doc.txt,FALSE
t383-eng.txt,FALSE
t384-eng_doc.txt,FALSE
t384-eng.txt,FALSE
t385-eng.txt,FALSE
t386-eng.txt,TRUE
t399-eng.txt,FALSE
t400-eng.txt,FALSE
t410-eng_doc.txt,FALSE
t411-eng_doc.txt,FALSE
t412-eng.txt,FALSE
t415-eng.txt,FALSE
t420-cym.txt,FALSE
t420-eng.txt,FALSE
t421-cym.txt,FALSE
t421-eng.txt,FALSE
t422-cym.txt,FALSE
t422-eng.txt,FALSE
t423-cym.txt,FALSE
t423-eng.txt,FALSE
t424-cym.txt,FALSE
t424-eng.txt,FALSE
t425-cym.txt,FALSE
t425-eng.txt,FALSE
t426-cym.txt,FALSE
t426-eng.txt,FALSE
t434-eng.txt,FALSE
t439-eng.txt,FALSE
t440-eng.txt,TRUE
t443-eng.txt,FALSE
t444-eng.txt,FALSE
t445-eng.txt,FALSE
t450-cym.txt,FALSE
t450-eng.txt,FALSE
t451-cym.txt,FALSE
t451-eng.txt,FALSE
t452-eng.txt,FALSE
t453-cym.txt,FALSE
t453-eng.txt,FALSE
t454-cym.txt,FALSE
t454-eng.txt,FALSE
t455-eng.txt,FALSE
t464-cym.txt,FALSE
t464-eng.txt,FALSE
t465-cym.txt,FALSE
t465-eng.txt,FALSE
t466-eng.txt,FALSE
t467-eng.txt,FALSE
t468-eng.txt,FALSE
t469-eng.txt,FALSE
t470-eng.txt,TRUE
t480-cym.txt,FALSE
t480-eng.txt,FALSE
t481-nodiadau-cym.txt,FALSE
t481-notes-eng.txt,FALSE
t482-cym.txt,FALSE
t482-eng.txt,FALSE
t483-cym.txt,FALSE
t483-eng.txt,FALSE
t484-cym.txt,FALSE
t484-eng.txt,FALSE
t485-cym.txt,FALSE
t485-eng.txt,FALSE
t486-cym.txt,FALSE
t486-eng.txt,FALSE
t490-eng.txt,FALSE
t491-eng.txt,FALSE
t492-eng.txt,FALSE
t493-eng.txt,FALSE
t495-eng.txt,FALSE
t496-eng.txt,FALSE
t497-eng.txt,FALSE
t499-eng.txt,FALSE
t53-eng.txt,FALSE
t540-eng.txt,FALSE
t541-eng.txt,FALSE
t542-eng.txt,FALSE
t543-eng.txt,FALSE
t544-eng.txt,FALSE
t545-eng.txt,FALSE
t546-eng.txt,FALSE
t547-eng.txt,FALSE
t601-eng.txt,FALSE
t602-eng.txt,TRUE
t603-eng.txt,FALSE
t604-eng.txt,FALSE
t605-eng.txt,FALSE
t606-eng.txt,FALSE
t607-eng.txt,FALSE
t608-eng.txt,FALSE
t609-eng.txt,FALSE
t610-eng.txt,FALSE
t611-eng.txt,FALSE
t612-eng.txt,FALSE
t613-eng.txt,FALSE
t614-eng.txt,FALSE
t615-eng.txt,FALSE
t616-eng.txt,FALSE
t617-eng.txt,FALSE
t618-eng.txt,FALSE
t619-eng_doc.txt,FALSE
t619a-eng.txt,FALSE
t621-eng.txt,FALSE
t622-eng.txt,FALSE
t94-eng.txt,FALSE
t95-eng.txt,FALSE
t96-eng_doc.txt,FALSE
t97-eng.txt,FALSE
t98-eng_doc.txt,FALSE
t98a-eng.txt,FALSE
tahb511-eng_doc.txt,FALSE
tahb521-eng_doc.txt,FALSE
tald711-eng_doc.txt,FALSE
tald721-eng_doc.txt,FALSE
talg900-eng.txt,FALSE
talg911-eng_doc.txt,FALSE
talg921-eng_doc.txt,FALSE
talg964-eng.txt,FALSE
talg975-eng_doc.txt,FALSE
tanq411-eng_doc.txt,FALSE
tanq421-eng_doc.txt,FALSE
tasd111-eng_doc.txt,FALSE
tasd121-eng_doc.txt,FALSE
tasr211-eng_doc.txt,FALSE
tasr221-eng_doc.txt,FALSE
tcc-cm1-eng.txt,FALSE
tcc-ptr1-eng.txt,FALSE
te3-eng.txt,FALSE
te7-(dart-charge)-eng.txt,FALSE
te7-eng_doc.txt,FALSE
te9-(dart-charge)-eng.txt,FALSE
te9-eng_doc.txt,FALSE
tgrcref-eng.txt,FALSE
tsf4-eng.txt,FALSE
tystysgrif-colli-enillion-neu-fudd-dal-cym.txt,FALSE
undertaking-to-issue-form-(high-court-family-division)-eng_doc.txt,FALSE
ut-table-of-cases-eng.txt,FALSE
ut1-cym_doc.txt,FALSE
ut1-cym.txt,FALSE
ut1-eng_doc.txt,FALSE
ut1-leaflet-eng.txt,FALSE
ut1-nodiadau-cym_doc.txt,FALSE
ut1-nodiadau-cym.txt,FALSE
ut1-taflen-cym.txt,FALSE
ut10-eng_doc.txt,FALSE
ut10-leaflet-eng.txt,FALSE
ut11-eng.txt,FALSE
ut11-leaflet-eng.txt,FALSE
ut11-notes-eng.txt,FALSE
ut12-eng_doc.txt,FALSE
ut12-leaflet-eng.txt,FALSE
ut12-notes-eng.txt,FALSE
ut12ni-eng_doc.txt,FALSE
ut13-eng.txt,FALSE
ut13-leaflet-eng.txt,FALSE
ut14-eng.txt,FALSE
ut2-eng_doc.txt,FALSE
ut2-eng.txt,FALSE
ut3-eng_doc.txt,FALSE
ut3-leaflet-eng_doc.txt,FALSE
ut3-leaflet-eng.txt,FALSE
ut3-notes-eng.txt,FALSE
ut4-eng.txt,FALSE
ut4-leaflet-eng.txt,FALSE
ut4-notes-eng.txt,FALSE
ut5-eng_doc.txt,FALSE
ut5-eng.txt,FALSE
ut5-leaflet-eng.txt,FALSE
ut5-notes-eng.txt,FALSE
ut6-eng_doc.txt,FALSE
ut6-eng.txt,FALSE
ut6-leaflet-eng_doc.txt,FALSE
ut6-leaflet-eng.txt,FALSE
ut6-notes-eng_doc.txt,FALSE
ut6-notes-eng.txt,FALSE
ut7-eng_doc.txt,FALSE
ut7-eng.txt,FALSE
ut8-cym_doc.txt,FALSE
ut8-cym.txt,FALSE
ut8-eng_doc.txt,FALSE
ut8-eng.txt,FALSE
ut8-leaflet-eng.txt,FALSE
ut8-nodiadau-cym.txt,FALSE
ut8-notes-eng.txt,FALSE
ut8-taflen-cym.txt,FALSE
ut9-cym_doc.txt,FALSE
ut9-cym.txt,FALSE
ut9-eng_doc.txt,FALSE
ut9-eng.txt,FALSE
ut9-leaflet-eng.txt,FALSE
ut9-notes-eng.txt,FALSE
ut9-taflen-cym.txt,FALSE
utaac-faq-eng.txt,FALSE
utlc-fees-eng.txt,FALSE
your-appeal-what-happens-next-eng.txt,FALSE
