form,dependencies
5050a-eng.pdf.txt,"c(""5050a"", ""5050"")"
5222-cym.pdf.txt,5222
5222-eng.pdf.txt,5222
5222a-bil.pdf.txt,"c(""5222a"", ""5222"")"
5222a-eng.pdf.txt,"c(""5222a"", ""5222"")"
a-e-eng.pdf.txt,n1
a1-cym.pdf.txt,a1
a1-eng.pdf.txt,"c(""c2"", ""a1"")"
a100-eng.pdf.txt,"c(""a100"", ""a1"")"
a101-eng.pdf.txt,"c(""a101"", ""a1"")"
a102-eng.pdf.txt,"c(""a102"", ""a1"")"
a103-eng.pdf.txt,"c(""a103"", ""a1"")"
a104-eng.pdf.txt,"c(""a104"", ""a1"")"
a105-eng.pdf.txt,"c(""a105"", ""a1"")"
a106-eng.pdf.txt,"c(""a106"", ""a1"")"
a107-eng.pdf.txt,"c(""a107"", ""a1"")"
a2-eng.pdf.txt,a2
a20-bil.pdf.txt,none detected
a20-cym.pdf.txt,"c(""ex160a"", ""ex160"", ""ex50"", ""cb4"", ""cb1"", ""b1"", ""a58"", ""a21"", ""a20"", ""a5"", ""a2"")"
a20-eng.pdf.txt,"c(""ex160a"", ""ex160"", ""ex50"", ""cb4"", ""cb1"", ""b1"", ""a58"", ""a21"", ""a20"", ""a5"", ""a2"")"
a20(1)-cym.pdf.txt,"c(""a20"", ""a2"")"
a20(1)-eng.pdf.txt,"c(""a20"", ""a2"")"
a21-cym.pdf.txt,"c(""ex160a"", ""ex160"", ""ex50"", ""a59"", ""a21"", ""a5"", ""a2"")"
a21-eng.pdf.txt,"c(""ex160a"", ""ex160"", ""ex50"", ""a59"", ""a21"", ""a5"", ""a2"")"
a4-eng.pdf.txt,"c(""a4"", ""d3"")"
a5-eng.pdf.txt,a5
a50-bil.pdf.txt,"c(""n15"", ""n11"", ""n8"", ""n1"", ""n16"", ""a50"", ""a5"", ""n17"", ""n19"", ""d1"", ""d15"")"
a50-eng.pdf.txt,"c(""a50"", ""a5"")"
a50-nodiadau-a50-notes-bil.pdf.txt,none detected
a50-notes-eng.pdf.txt,"c(""a65"", ""a50"", ""a5"", ""a6"", ""a50 notes"")"
a51-bil.pdf.txt,"c(""n15"", ""n11"", ""n1"", ""a51"", ""a5"", ""d1"")"
a51-eng.pdf.txt,"c(""a51"", ""a5"")"
a51-nodiadau-a51-notes-bil.pdf.txt,none detected
a51-notes-eng.pdf.txt,"c(""ex160a"", ""ex160"", ""ex50"", ""a51"", ""a5"", ""a51 notes"")"
a52-bil.pdf.txt,"c(""a52"", ""a5"", ""d1"")"
a52-eng.pdf.txt,"c(""a52"", ""a5"")"
a52-nodiadau-a52-notes-bil.pdf.txt,"c(""fp2"", ""a65"", ""a52"", ""a5"", ""a6"", ""a52 notes"")"
a52-notes-eng.pdf.txt,"c(""fp2"", ""ex160a"", ""ex160"", ""ex50"", ""a52"", ""a5"", ""a52 notes"")"
a53-bil.pdf.txt,"c(""a53"", ""a5"", ""d1"")"
a53-eng.pdf.txt,"c(""a53"", ""a5"")"
a53-nodiadau-a53-notes-bil.pdf.txt,"c(""fp2"", ""a65"", ""a53"", ""a5"", ""a6"", ""a53 notes"")"
a53-notes-eng.pdf.txt,"c(""fp2"", ""a53"", ""a5"", ""a53 notes"")"
a54-bil.pdf.txt,"c(""a54"", ""a5"", ""d1"")"
a54-eng.pdf.txt,"c(""a54"", ""a5"")"
a54-nodiadau-a54-notes-bil.pdf.txt,none detected
a54-notes-eng.pdf.txt,"c(""a54"", ""a5"", ""a54 notes"")"
a55-bil.pdf.txt,"c(""a55"", ""a5"")"
a55-eng.pdf.txt,"c(""a55"", ""a5"")"
a55-nodiadau-a55-notes-bil.pdf.txt,none detected
a55-notes-eng.pdf.txt,"c(""ex160a"", ""ex160"", ""ex50"", ""a55"", ""a5"", ""a55 notes"")"
a56-bil.pdf.txt,"c(""a56"", ""a5"", ""d1"")"
a56-eng.pdf.txt,"c(""a56"", ""a5"")"
a56-nodiadau-a56-notes-bil.pdf.txt,"c(""a56"", ""a5"", ""a56 notes"")"
a56-notes-eng.pdf.txt,"c(""a56"", ""a5"", ""a56 notes"")"
a57-bil.pdf.txt,"c(""a65"", ""a57"", ""a5"", ""a6"", ""d1"")"
a57-eng.pdf.txt,"c(""a57"", ""a5"")"
a57-nodiadau-a57-notes-bil.pdf.txt,"c(""a65"", ""a57"", ""a5"", ""a6"", ""a57 notes"")"
a57-notes-eng.pdf.txt,"c(""a57"", ""a5"", ""a57 notes"", ""d4"")"
a58-bil.pdf.txt,"c(""ex160a"", ""ex160"", ""d20"", ""a60"", ""a59"", ""a58"", ""a5"", ""a6"", ""d1"")"
a58-eng.pdf.txt,"c(""ex160"", ""a60"", ""a59"", ""a58"", ""a5"", ""a6"")"
a58-nodiadau-a58-notes-bil.pdf.txt,"c(""a60"", ""a59"", ""a58"", ""a5"", ""a6"", ""a58 notes"")"
a58-notes-eng.pdf.txt,"c(""ex160"", ""ex50"", ""a60"", ""a59"", ""a58"", ""a5"", ""a6"", ""a58 notes"")"
a59-bil.pdf.txt,"c(""n3"", ""a59"", ""a5"")"
a59-eng.pdf.txt,"c(""a61"", ""a59"", ""a5"", ""a6"")"
a59-nodiadau-a59-notes-bil.pdf.txt,"c(""a61"", ""a59"", ""a5"", ""a6"", ""a59 notes"")"
a59-notes-eng.pdf.txt,"c(""a61"", ""a59"", ""a5"", ""a6"", ""a59 notes"")"
a60-bil.pdf.txt,"c(""n3"", ""ex160a"", ""ex160"", ""a61"", ""a60"", ""a6"", ""d1"")"
a60-eng.pdf.txt,"c(""a61"", ""a60"", ""a6"")"
a60-nodiadau-a60-notes-bil.pdf.txt,"c(""a60"", ""a6"", ""a60 notes"")"
a60-notes-eng.pdf.txt,"c(""a60"", ""a6"", ""a60 notes"")"
a61-bil.pdf.txt,"c(""n3"", ""a61"", ""a6"", ""d1"")"
a61-eng.pdf.txt,"c(""a61"", ""a6"")"
a61-nodiadau-a61-notes-bil.pdf.txt,"c(""a61"", ""a6"", ""a61 notes"")"
a61-notes-eng.pdf.txt,"c(""a61"", ""a6"", ""a61 notes"")"
a62-bil.pdf.txt,"c(""a62"", ""a6"", ""d1"")"
a62-eng.pdf.txt,"c(""a62"", ""a6"")"
a62-nodiadau-a62-notes-bil.pdf.txt,none detected
a62-notes-eng.pdf.txt,"c(""a62"", ""a6"", ""a62 notes"")"
a63-bil.pdf.txt,"c(""a63"", ""a6"", ""d1"")"
a63-eng.pdf.txt,"c(""a63"", ""a6"")"
a63-nodiadau-a63-notes-bil.pdf.txt,none detected
a63-notes-eng.pdf.txt,"c(""ex50"", ""a63"", ""a6"", ""a63 notes"")"
a64-bil.pdf.txt,none detected
a64-eng.pdf.txt,"c(""a64"", ""a6"")"
a64a-bil.pdf.txt,"c(""a64a"", ""a64"", ""a6"")"
a64a-eng.pdf.txt,"c(""a64a"", ""a64"", ""a6"")"
a65-bil.pdf.txt,none detected
a65-eng.pdf.txt,"c(""a65"", ""a6"")"
ac001-(birmingham)-eng.pdf.txt,"c(""ex160"", ""ac001"")"
ac001-(cardiff)-eng.pdf.txt,"c(""ex160"", ""ac001"", ""c(f1)"")"
ac001-(leeds)-eng.pdf.txt,"c(""ex160"", ""ac001"")"
ac001-(london)-eng.pdf.txt,"c(""ex160"", ""c2"", ""c3"", ""ac001"", ""c32"")"
ac001-(manchester)-eng.pdf.txt,"c(""ex160"", ""ac001"")"
ac010-eng.pdf.txt,none detected
ac011-eng.pdf.txt,none detected
ac013-eng.pdf.txt,none detected
ac015-eng.pdf.txt,none detected
ac016-eng.pdf.txt,none detected
ac017-eng.pdf.txt,none detected
adm1-eng.pdf.txt,"c(""c4"", ""adm1"")"
adm10-eng.pdf.txt,"c(""adm10"", ""adm1"")"
adm11-eng.pdf.txt,"c(""adm11"", ""adm1"")"
adm12-eng.pdf.txt,"c(""adm12"", ""adm1"")"
adm12a-eng.pdf.txt,"c(""adm12a"", ""adm12"", ""adm1"")"
adm13-eng.pdf.txt,"c(""adm13"", ""adm14"", ""adm1"")"
adm14-eng.pdf.txt,"c(""adm14"", ""adm1"")"
adm15-eng.pdf.txt,"c(""c4"", ""adm15"", ""adm1"")"
adm15b-eng.pdf.txt,"c(""c4"", ""adm15b"", ""adm16"", ""adm16a"", ""adm15"", ""adm1"")"
adm16-eng.pdf.txt,"c(""adm16"", ""adm1"")"
adm16a-eng.pdf.txt,"c(""adm16"", ""adm16a"", ""adm1"")"
adm17-eng.pdf.txt,"c(""adm17"", ""adm1"")"
adm17a-eng.pdf.txt,"c(""adm17a"", ""adm17"", ""adm1"")"
adm18-eng.pdf.txt,"c(""adm18"", ""adm1"")"
adm19-eng.pdf.txt,"c(""adm19"", ""adm1"")"
adm1a-eng.pdf.txt,"c(""c4"", ""adm1"", ""adm1a"")"
adm1c-cym.pdf.txt,"c(""c2"", ""adm2"", ""adm1c"", ""adm1"")"
adm1c-eng.pdf.txt,"c(""adm1c"", ""adm1"")"
adm2-cym.pdf.txt,none detected
adm2-eng.pdf.txt,adm2
adm20-eng.pdf.txt,"c(""adm20"", ""adm2"")"
adm21-eng.pdf.txt,"c(""adm21"", ""adm2"")"
adm3-eng.pdf.txt,"c(""n11"", ""n1"", ""n16"", ""adm3"")"
adm4-eng.pdf.txt,adm4
adm5-eng.pdf.txt,adm5
adm6-eng.pdf.txt,adm6
adm7-eng.pdf.txt,adm7
adm9-eng.pdf.txt,adm9
ae-canllaw-cym.pdf.txt,d23
ae-faq-cym.pdf.txt,none detected
aj20-cym.pdf.txt,"c(""c1"", ""aj20"")"
aj22-eng.pdf.txt,"c(""n1"", ""c2"", ""c1"", ""aj22"")"
aj24-cym.pdf.txt,"c(""n2"", ""c2"", ""c1"", ""aj24"", ""c(f1)"")"
aj24-eng.pdf.txt,"c(""n2"", ""c2"", ""c1"", ""aj24"")"
aj25-cym.pdf.txt,"c(""c1"", ""aj25"")"
aj26-cym.pdf.txt,"c(""c4"", ""c1"", ""aj26"")"
aj26-eng.pdf.txt,"c(""c4"", ""c1"", ""aj26"")"
allowances-eng.pdf.txt,none detected
application-for-anonymity-(utiac)-eng.pdf.txt,c4
application-for-anonymity-notes-(iat)-eng.pdf.txt,none detected
application-for-anonymity-notes-(utiac)-eng.pdf.txt,c4
attachment-of-earnings-orders-for-criminal-fines-national-pilot-april-2004-eng.pdf.txt,none detected
bill-of-costs-(scco)-eng.pdf.txt,"c(""n258c"", ""n258"", ""n210"", ""n208"", ""n20"", ""n2"", ""ex340"", ""c2"", ""n21"", ""ex3"")"
c(pra1)-bil.pdf.txt,c1
c(pra1)-eng.pdf.txt,"c(""c1"", ""a1"")"
c(pra2)-bil.pdf.txt,"c(""c1"", ""a2"")"
c(pra2)-eng.pdf.txt,"c(""c1"", ""a2"")"
c(pra3)-bil.pdf.txt,c1
c(pra3)-eng.pdf.txt,"c(""c1"", ""a3"")"
c1-bil.pdf.txt,"c(""cb1"", ""c100"", ""c110"", ""c79"", ""c19"", ""c17"", ""c15"", ""c11"", ""c13"", ""c7"", ""c1a"", ""c1"", ""b1"", ""c10"")"
c1-cym.pdf.txt,c1
c1-eng.pdf.txt,"c(""fm1"", ""cb1"", ""c100"", ""c79"", ""c7"", ""c1"", ""b1"", ""c10"")"
c100-bil.pdf.txt,"c(""n20"", ""n2"", ""n1"", ""ex50"", ""cb7"", ""cb1"", ""c100"", ""c79"", ""c8"", ""c7"", ""c1a"", ""c1"", ""b1"", ""c10"", ""a8"", ""a81"", ""d1"")"
c100-eng.pdf.txt,"c(""n1"", ""ex50"", ""cb7"", ""cb1"", ""c100"", ""c79"", ""c8"", ""c7"", ""c1a"", ""c1"", ""b1"", ""c10"")"
c11-bil.pdf.txt,none detected
c110-bil.pdf.txt,"c(""c110"", ""c11"", ""c1"")"
c110-eng.pdf.txt,"c(""c110"", ""c11"", ""c1"")"
c110a-cym.pdf.txt,"c(""n1"", ""c110a"", ""c110"", ""c11"", ""c1"", ""b1"")"
c110a-eng.pdf.txt,"c(""c110a"", ""c110"", ""c11"", ""c1"")"
c12-bil.pdf.txt,none detected
c12-eng.pdf.txt,none detected
c120-eng.pdf.txt,"c(""c120"", ""c12"", ""c1"")"
c13-eng.pdf.txt,"c(""n2"", ""c13"", ""c1"")"
c13a-eng.pdf.txt,"c(""c13a"", ""c13"", ""c1"")"
c14-bil.pdf.txt,none detected
c14-eng.pdf.txt,"c(""c14"", ""c1"")"
c15-bil.pdf.txt,none detected
c15-eng.pdf.txt,"c(""c15"", ""c1"")"
c16-bil.pdf.txt,none detected
c16-eng.pdf.txt,"c(""c16"", ""c1"")"
c17-bil.pdf.txt,"c(""c17"", ""c1"")"
c17-eng.pdf.txt,"c(""c17"", ""c1"")"
c17a-bil.pdf.txt,none detected
c17a-eng.pdf.txt,"c(""c17a"", ""c17"", ""c1"")"
c18-bil.pdf.txt,none detected
c18-eng.pdf.txt,"c(""te3"", ""n5"", ""c18"", ""c1"", ""n50"")"
c19-eng.pdf.txt,"c(""c19"", ""c1"")"
c1a-bil.pdf.txt,"c(""n1"", ""c100"", ""c8"", ""c7"", ""c1a"", ""c1"", ""c10"", ""5001"")"
c1a-eng.pdf.txt,"c(""c100"", ""c8"", ""c7"", ""c1a"", ""c1"", ""c10"")"
c1a-nodiadau-c1a-notes-bil.pdf.txt,none detected
c1a-notes-eng.pdf.txt,none detected
c2-bil.pdf.txt,"c(""n2"", ""n1"", ""cb1"", ""c2"", ""b1"", ""d4"")"
c2-eng.pdf.txt,"c(""n1"", ""fm1"", ""ex160a"", ""ex160"", ""ex50"", ""cb1"", ""c100"", ""c8"", ""c1a"", ""c2"", ""c1"", ""b1"", ""c10"")"
c20-cym.pdf.txt,"c(""c20"", ""c2"")"
c20-eng.pdf.txt,"c(""c20"", ""c2"")"
c23-eng.pdf.txt,"c(""c23"", ""c2"")"
c3-bil.pdf.txt,none detected
c3-eng.pdf.txt,c3
c4-bil.pdf.txt,none detected
c4-eng.pdf.txt,c4
c5-bil.pdf.txt,"c(""d5"", ""cb1"", ""c5"", ""b1"", ""d1"", ""d55"")"
c5-eng.pdf.txt,"c(""cb1"", ""c51"", ""c5"", ""b1"", ""c51"")"
c51-bil.pdf.txt,"c(""cb1"", ""c52"", ""c51"", ""c8"", ""c5"", ""b1"", ""c51"", ""d1"")"
c51-eng.pdf.txt,"c(""cb1"", ""c52"", ""c51"", ""c8"", ""c5"", ""b1"", ""c51"")"
c52-bil.pdf.txt,"c(""c52"", ""c5"")"
c52-eng.pdf.txt,"c(""c52"", ""c8"", ""c5"")"
c60-bil.pdf.txt,none detected
c60-eng.pdf.txt,none detected
c61-eng.pdf.txt,none detected
c62-eng.pdf.txt,none detected
c63-bil.pdf.txt,"c(""n2"", ""ex160a"", ""ex160"", ""ex50"", ""cb1"", ""c63"", ""c8"", ""b1"", ""c6"")"
c63-eng.pdf.txt,"c(""ex160a"", ""ex160"", ""ex50"", ""cb1"", ""c63"", ""c8"", ""b1"", ""c6"")"
c64-bil.pdf.txt,"c(""n11"", ""n1"", ""ex160a"", ""ex160"", ""ex50"", ""cb1"", ""c64"", ""c8"", ""b1"", ""c6"")"
c64-eng.pdf.txt,"c(""ex160a"", ""ex160"", ""ex50"", ""cb1"", ""c64"", ""c8"", ""b1"", ""c6"")"
c65-bil.pdf.txt,"c(""ex160a"", ""ex160"", ""ex50"", ""cb1"", ""c65"", ""c8"", ""b1"", ""c6"")"
c65-eng.pdf.txt,"c(""ex160a"", ""ex160"", ""ex50"", ""cb1"", ""c65"", ""c8"", ""b1"", ""c6"")"
c66-bil.pdf.txt,"c(""n93"", ""n9"", ""d11"", ""cb1"", ""c66"", ""c8"", ""c1a"", ""c2"", ""c1"", ""b1"", ""c6"", ""d1"", ""d18"", ""d115"")"
c66-eng.pdf.txt,"c(""cb1"", ""c66"", ""c1a"", ""c2"", ""c1"", ""b1"", ""c6"")"
c67-eng.pdf.txt,"c(""cb1"", ""c67"", ""c8"", ""c1a"", ""c2"", ""c1"", ""b1"", ""c6"")"
c68-eng.pdf.txt,"c(""cb1"", ""c68"", ""c8"", ""c1a"", ""c2"", ""c1"", ""b1"", ""c6"")"
c69-eng.pdf.txt,"c(""cb1"", ""c69"", ""c8"", ""c1a"", ""c2"", ""c1"", ""b1"", ""c6"")"
c7-bil.pdf.txt,"c(""n5"", ""c7"")"
c7-eng.pdf.txt,"c(""n5"", ""c100"", ""c79"", ""c78"", ""c7"", ""c1a"", ""c1"", ""c10"", ""c10a"")"
c78-bil.pdf.txt,"c(""te7"", ""t116"", ""t11"", ""ex160a"", ""ex160"", ""c78"", ""c7"", ""d21"")"
c78-eng.pdf.txt,"c(""c78"", ""c7"")"
c79-bil.pdf.txt,"c(""t10"", ""t11"", ""cb5"", ""c79"", ""c7"")"
c79-eng.pdf.txt,"c(""n2"", ""ex160a"", ""ex160"", ""d6"", ""cb5"", ""c79"", ""c11"", ""c9"", ""c7"", ""c1"", ""d7"")"
c8-bil.pdf.txt,c8
c8-eng.pdf.txt,c8
c9-bil.pdf.txt,none detected
c9-eng.pdf.txt,c9
canllawiau-i-wys-rheithgor-guide-to-jury-summons-bil.pdf.txt,none detected
capsbacs1-eng.pdf.txt,"c(""n1"", ""capsbacs3"", ""capsbacs4"", ""capsbacs2"", ""capsbacs1"", ""5315"")"
capsbacs2-eng.pdf.txt,"c(""capsbacs2"", ""c2"")"
capsbacs3-eng.pdf.txt,capsbacs3
capsbacs4-eng.pdf.txt,"c(""capsbacs4"", ""capsbacs2"")"
cb1-cym.pdf.txt,"c(""fp9"", ""ex710"", ""ex160a"", ""ex160"", ""ex50"", ""cb5"", ""cb4"", ""cb3"", ""cb1"", ""c100"", ""c8"", ""c1a"", ""c2"", ""c1"", ""b1"", ""a20"", ""a2"", ""a1"", ""ex7"", ""c6"", ""c6a"", ""c10"", ""c10a"", ""a3"")"
cb1-eng.pdf.txt,"c(""fp9"", ""ex710"", ""ex160a"", ""ex160"", ""ex50"", ""cb5"", ""cb4"", ""cb3"", ""cb1"", ""c100"", ""c8"", ""c1a"", ""c2"", ""c1"", ""b1"", ""a20"", ""a2"", ""a1"", ""ex7"", ""c6"", ""c6a"", ""c10"", ""c10a"", ""a3"")"
cb2-cym.pdf.txt,"c(""cb7"", ""cb2"", ""c100"", ""c1"", ""c10"")"
cb2-eng.pdf.txt,"c(""cb7"", ""cb2"", ""c100"", ""c1"", ""c10"")"
cb3-cym.pdf.txt,"c(""cb3"", ""c79"", ""c9"", ""c7"", ""c2"", ""c1"", ""c6"", ""c6a"", ""c10"", ""c10a"")"
cb3-eng.pdf.txt,"c(""cb3"", ""c79"", ""c9"", ""c7"", ""c2"", ""c1"", ""c6"", ""c6a"", ""c10"", ""c10a"")"
cb4-cym.pdf.txt,"c(""fm1"", ""ex160a"", ""ex160"", ""ex50"", ""cb4"", ""cb3"", ""cb1"", ""c13a"", ""c13"", ""c8"", ""c2"", ""c1"", ""b1"")"
cb4-eng.pdf.txt,"c(""fm1"", ""ex160a"", ""ex160"", ""ex50"", ""cb4"", ""cb3"", ""cb1"", ""c13a"", ""c13"", ""c8"", ""c2"", ""c1"", ""b1"")"
cb5-cym.pdf.txt,"c(""ex160a"", ""ex160"", ""ex50"", ""cb5"", ""cb3"", ""cb1"", ""c79"", ""c78"", ""c8"", ""c7"", ""c2"", ""b1"", ""c6"", ""c6a"")"
cb5-eng.pdf.txt,"c(""ex160a"", ""ex160"", ""ex50"", ""cb5"", ""cb3"", ""cb1"", ""c79"", ""c78"", ""c8"", ""c7"", ""c2"", ""b1"", ""c6"", ""c6a"")"
cb6-cym.pdf.txt,none detected
cb6-eng.pdf.txt,"c(""cb6"", ""c120"", ""c12"", ""c1"")"
cb7-cym.pdf.txt,"c(""cb7"", ""a4"", ""c6"")"
cb7-eng.pdf.txt,"c(""ex50"", ""cb7"", ""cb6"", ""cb1"", ""c100"", ""c4"", ""c1"", ""b1"", ""a4"", ""c6"", ""c10"")"
certificate-of-loss-eng.pdf.txt,none detected
child-support-how-to-appeal-(england)-eng.pdf.txt,none detected
child-support-how-to-appeal-(scotland)-eng.pdf.txt,none detected
cic-guide-1996-eng.pdf.txt,"c(""te9"", ""t131"", ""t127"", ""t94"", ""t10"", ""t12"", ""t11"", ""ph8"", ""ph4"", ""no.52"", ""n30"", ""n11"", ""n9"", ""n7"", ""n6"", ""n5"", ""n3"", ""n1"", ""ex105"", ""et1"", ""d20"", ""d11"", ""d8"", ""c4"", ""b1"", ""a105"", ""a62"", ""a1"", ""n10"", ""n52"", ""n62"", ""n73"", ""n94"", ""ex10"", ""a6"", ""a8"", ""a83"", ""d1"", ""d7"", ""d12"", ""d13"", ""d14"", ""d73"", ""5001"", ""5002"")"
cic-guide-2001-eng.pdf.txt,"c(""ph9"", ""ph5"", ""ph2"", ""n20"", ""n30"", ""n8"", ""n9"", ""n3"", ""n2"", ""d8"", ""c1"", ""a4"", ""n32"", ""n33"", ""d1"", ""d3"", ""d14"", ""d26"", ""d29"", ""d34"")"
cic-guide-2008-eng.pdf.txt,"c(""te9"", ""t131"", ""t127"", ""t94"", ""t10"", ""t12"", ""t11"", ""ph8"", ""ph4"", ""no.52"", ""n30"", ""n11"", ""n9"", ""n7"", ""n6"", ""n5"", ""n3"", ""n1"", ""ex105"", ""et1"", ""d20"", ""d11"", ""d8"", ""c4"", ""b1"", ""a105"", ""a62"", ""a1"", ""n10"", ""n52"", ""n62"", ""n73"", ""n94"", ""ex10"", ""a6"", ""a8"", ""a83"", ""d1"", ""d7"", ""d12"", ""d13"", ""d14"", ""d73"", ""5001"", ""5002"")"
cic-guide-2012-eng.pdf.txt,none detected
cop-dla-cym.pdf.txt,"c(""d5"", ""d8"", ""c3"", ""d7"", ""d9a"", ""a01"")"
cop-dla-eng.pdf.txt,"c(""t10"", ""n5"", ""a1"", ""n53"", ""d3"")"
cop-dlb-cym.pdf.txt,none detected
cop-dlb-eng.pdf.txt,a1
cop-dlc-cym.pdf.txt,c04
cop-dld-cym.pdf.txt,none detected
cop-dld-eng.pdf.txt,none detected
cop-dle-cym.pdf.txt,n1
cop-dle-eng.pdf.txt,a1
cop-dol10-cym.pdf.txt,"c(""n143"", ""n8"", ""n9"", ""n3"", ""n1"", ""d11"", ""cop3"", ""a1"", ""n17"", ""n94"", ""d1"", ""d3"", ""d15"", ""d19"", ""d115"", ""d162"")"
cop-dol10-eng.pdf.txt,"c(""n242"", ""n24"", ""n5"", ""n3"", ""n2"", ""cop3"", ""a1"")"
cop-faq-eng.pdf.txt,"c(""n5"", ""n2"", ""n1"", ""cop44"", ""cop44a"", ""cop24"", ""cop9"", ""cop4"", ""cop3"", ""cop2"", ""cop1b"", ""cop1a"", ""cop1"", ""c1a"", ""c1"")"
cop-gn1-cym.pdf.txt,"c(""n11"", ""n2"", ""n1"", ""cop44"", ""cop24"", ""cop9"", ""cop4"", ""cop3"", ""cop2"", ""cop1a"", ""cop1"", ""c1a"", ""c1"", ""n112"")"
cop-gn1-eng.pdf.txt,"c(""n2"", ""n1"", ""cop44"", ""cop9"", ""cop4"", ""cop3"", ""cop1a"", ""cop1"", ""n10"")"
cop-gn2-cym.pdf.txt,"c(""n208"", ""n20"", ""n2"", ""cop24"", ""cop12"", ""cop2"", ""cop1"")"
cop-gn2-eng.pdf.txt,"c(""n20"", ""n2"", ""cop44"", ""cop24"", ""cop12"", ""cop4"", ""cop2"", ""cop1d"", ""cop1"", ""n209"")"
cop-gn3-cym.pdf.txt,"c(""n30"", ""n5"", ""n3"", ""n2"", ""cop44"", ""cop24"", ""cop9"", ""cop4"", ""cop3"", ""cop2"", ""cop1b"", ""cop1a"", ""cop1"", ""d1"", ""d12"")"
cop-gn3-eng.pdf.txt,"c(""n30"", ""n8"", ""n3"", ""n2"", ""cop44"", ""cop24"", ""cop4"", ""cop2"", ""cop1e"", ""cop1"", ""n309"")"
cop-gn4-cym.pdf.txt,"c(""cop44"", ""cop42"", ""cop35"", ""cop28"", ""cop24"", ""cop20b"", ""cop20"", ""cop20a"", ""cop14"", ""cop15"", ""cop10"", ""cop9"", ""cop5"", ""cop4"", ""cop3"", ""cop2"", ""cop1"", ""n40"")"
cop-gn4-eng.pdf.txt,"c(""cop44"", ""cop35"", ""cop28"", ""cop24"", ""cop20b"", ""cop20"", ""cop20a"", ""cop14"", ""cop15"", ""cop10"", ""cop9"", ""cop5"", ""cop4"", ""cop3"", ""cop2"", ""cop1b"", ""cop1"", ""n40"")"
cop-gn5-cym.pdf.txt,"c(""n5"", ""ex160"", ""cop24"", ""cop20"", ""cop20a"", ""cop14"", ""cop9"", ""cop2"", ""cop1"", ""c8"", ""c7"", ""c5"", ""c4"", ""c2"", ""c3"", ""c1"", ""a5"", ""a2"", ""a4"", ""a1"", ""n51"", ""c6"", ""a3"", ""a6"", ""a7"", ""a8"", ""a9"")"
cop-gn5-eng.pdf.txt,"c(""n5"", ""ex160a"", ""ex160"", ""cop44"", ""cop24"", ""cop20"", ""cop20a"", ""cop14"", ""cop9"", ""cop4"", ""cop2"", ""cop1"", ""c2"", ""c1"", ""a5"", ""a2"", ""a4"", ""a1"", ""n50"", ""a3"", ""a6"", ""a7"", ""a8"", ""a9"")"
cop-gn6-cym.pdf.txt,"c(""n6"", ""n60"")"
cop-gn7-cym.pdf.txt,"c(""n7"", ""n70"")"
cop-gn8-cym.pdf.txt,"c(""n8"", ""cop42"", ""cop4"", ""cop1"", ""n80"")"
cop-gn8-eng.pdf.txt,"c(""n8"", ""cop44"", ""cop4"", ""cop3"", ""cop1c"", ""cop1"", ""n80"")"
cop1-bil.pdf.txt,none detected
cop1-cym.pdf.txt,"c(""n9b"", ""n8b"", ""n8"", ""n9"", ""n7"", ""n6"", ""n5"", ""n3"", ""n2a"", ""n2"", ""n1c"", ""n1"")"
cop1-eng.pdf.txt,"c(""n8"", ""n3"", ""n2"", ""n1"", ""cop44"", ""cop42"", ""cop35"", ""cop24"", ""cop12"", ""cop10"", ""cop9"", ""cop4"", ""cop3"", ""cop2"", ""cop1d"", ""cop1b"", ""cop1a"", ""cop1e"", ""cop1c"", ""cop1f"", ""cop1"", ""a1"", ""d3"")"
cop10-bil.pdf.txt,"c(""te3"", ""n3"", ""n2b"", ""n2"", ""n1"", ""cop10"", ""cop9"", ""cop1"")"
cop10-cym.pdf.txt,"c(""cop10"", ""cop9"", ""cop1"", ""c1a"", ""c1"")"
cop10-eng.pdf.txt,"c(""te3"", ""n2"", ""cop44"", ""cop24"", ""cop15"", ""cop10"", ""cop9"", ""cop5"", ""cop4"", ""cop2"", ""cop1"")"
cop12-cym.pdf.txt,cop1
cop12-eng.pdf.txt,cop1
cop14-bil.pdf.txt,"c(""cop14"", ""cop1"")"
cop14-cym.pdf.txt,"c(""cop14"", ""cop1"")"
cop14-eng.pdf.txt,"c(""cop14"", ""cop1"")"
cop14a-eng.pdf.txt,"c(""cop20"", ""cop20a"", ""cop14"", ""cop14a"", ""cop5"", ""cop2"", ""cop1"")"
cop15-bil.pdf.txt,"c(""cop15"", ""cop1"")"
cop15-cym.pdf.txt,"c(""cop15"", ""cop5"", ""cop1"")"
cop15-eng.pdf.txt,"c(""cop15"", ""cop5"", ""cop1"")"
cop15a-eng.pdf.txt,"c(""cop20b"", ""cop20"", ""cop15a"", ""cop15"", ""cop5"", ""cop2"", ""cop1"")"
cop1a-bil.pdf.txt,a1
cop1a-eng.pdf.txt,"c(""t94"", ""n3"", ""n1"", ""cop1a"", ""cop1"")"
cop1b-bil.pdf.txt,b1
cop1b-eng.pdf.txt,"c(""cop44"", ""cop24"", ""cop4"", ""cop3"", ""cop2"", ""cop1b"", ""cop1"", ""a1"")"
cop1c-eng.pdf.txt,"c(""n3"", ""cop24"", ""cop3"", ""cop2"", ""cop1a"", ""cop1c"", ""cop1"")"
cop1d-eng.pdf.txt,"c(""cop24"", ""cop12"", ""cop3"", ""cop2"", ""cop1d"", ""cop1"")"
cop1e-eng.pdf.txt,"c(""n3"", ""n2"", ""cop24"", ""cop12"", ""cop2"", ""cop1e"", ""cop1"")"
cop1f-eng.pdf.txt,"c(""pa2"", ""cop24"", ""cop2"", ""cop1f"", ""cop1"", ""a2"", ""d3"")"
cop2-bil.pdf.txt,cop2
cop2-cym.pdf.txt,"c(""n2"", ""cop2"", ""cop1b"", ""cop1"")"
cop20-bil.pdf.txt,"c(""cop20"", ""cop2"")"
cop20a-eng.pdf.txt,"c(""n2"", ""cop20b"", ""cop20"", ""cop20a"", ""cop5"", ""cop2"", ""d1"")"
cop20b-cym.pdf.txt,"c(""cop20b"", ""cop21b"", ""cop20"", ""cop20a"", ""cop15"", ""cop2"", ""cop1"", ""c1a"", ""c1"", ""b1"")"
cop20b-eng.pdf.txt,"c(""n1"", ""cop20b"", ""cop20"", ""cop20a"", ""cop15"", ""cop2"", ""cop1"")"
cop21a-eng.pdf.txt,"c(""cop24"", ""cop20b"", ""cop21a"", ""cop20"", ""cop20a"", ""cop14"", ""cop14a"", ""cop9"", ""cop5"", ""cop2"", ""cop1"")"
cop21b-cym.pdf.txt,"c(""cop35"", ""cop20b"", ""cop21b"", ""cop20"", ""cop15a"", ""cop15"", ""cop5"", ""cop3"", ""cop2"", ""cop1"")"
cop21b-eng.pdf.txt,"c(""cop35"", ""cop36"", ""cop20b"", ""cop22"", ""cop21b"", ""cop20"", ""cop15"", ""cop5"", ""cop3"", ""cop2"", ""cop1"")"
cop22-bil.pdf.txt,none detected
cop22-eng.pdf.txt,"c(""cop20b"", ""cop22"", ""cop20"", ""cop9"", ""cop2"", ""d1"", ""d3"")"
cop23-bil.pdf.txt,none detected
cop23-cym.pdf.txt,none detected
cop23-eng.pdf.txt,none detected
cop24-bil.pdf.txt,none detected
cop24-cym.pdf.txt,"c(""t241"", ""t112"", ""t11"")"
cop24-eng.pdf.txt,"c(""cop24"", ""cop25"", ""cop2"", ""d3"")"
cop25-bil.pdf.txt,"c(""cop25"", ""cop2"", ""d3"")"
cop25-cym.pdf.txt,"c(""d1"", ""d12"", ""d25"", ""d122"")"
cop25-eng.pdf.txt,"c(""cop25"", ""cop2"", ""d3"")"
cop28-bil.pdf.txt,"c(""cop28"", ""cop2"")"
cop28-cym.pdf.txt,"c(""cop28"", ""cop2"")"
cop28-eng.pdf.txt,"c(""cop28"", ""cop2"")"
cop29-bil.pdf.txt,"c(""cop29"", ""cop2"")"
cop29-cym.pdf.txt,"c(""cop29"", ""cop2"")"
cop29-eng.pdf.txt,"c(""cop29"", ""cop2"")"
cop3-bil.pdf.txt,none detected
cop3-cym.pdf.txt,"c(""n8b"", ""n8"", ""n7"", ""n6"", ""n3"", ""n1"", ""d3"")"
cop3-eng.pdf.txt,"c(""te7"", ""te3"")"
cop30-bil.pdf.txt,none detected
cop30-cym.pdf.txt,none detected
cop30-eng.pdf.txt,"c(""cop44"", ""cop30"", ""cop9"", ""cop4"", ""cop3"", ""cop1"")"
cop31-bil.pdf.txt,none detected
cop31-cym.pdf.txt,d3
cop31-eng.pdf.txt,"c(""cop31"", ""cop3"", ""cop1"")"
cop35-bil.pdf.txt,none detected
cop35-cym.pdf.txt,"c(""n9b"", ""n9"", ""n7"", ""n6"", ""n5"", ""n3"", ""n2"", ""n1"", ""d3"")"
cop35-eng.pdf.txt,"c(""te9"", ""te7"", ""te3"", ""d8"", ""cop35"", ""cop37"", ""cop36"", ""cop24"", ""cop3"", ""cop2"")"
cop36-bil.pdf.txt,"c(""n7"", ""n6"", ""n3"", ""n1"")"
cop36-cym.pdf.txt,"c(""n8b"", ""n8"", ""n7b"", ""n7"", ""d36"", ""d3"")"
cop36-eng.pdf.txt,"c(""te7"", ""te3"")"
cop37-cym.pdf.txt,"c(""n2b"", ""n2"", ""n1d"", ""n1"", ""cop37"", ""cop3"", ""c1a"", ""c1"")"
cop37-eng.pdf.txt,"c(""cop37"", ""cop3"")"
cop4-bil.pdf.txt,cop1
cop4-cym.pdf.txt,"c(""n3"", ""n1"", ""cop4"", ""b1"", ""a5"", ""a2"", ""a4"", ""a1"", ""n32"", ""a3"", ""a6"", ""a7"", ""a9"", ""a12"", ""a15"", ""a16"", ""a17"")"
cop4-eng.pdf.txt,cop4
cop42-cym.pdf.txt,"c(""n8"", ""n7"", ""n6"", ""n5"", ""n3"", ""n2"", ""n1"", ""d6"", ""cop44"", ""cop42"", ""cop35"", ""cop37"", ""cop36"", ""cop28"", ""cop24"", ""cop20b"", ""cop21b"", ""cop21a"", ""cop20"", ""cop20a"", ""cop15a"", ""cop14"", ""cop15"", ""cop14a"", ""cop10"", ""cop7"", ""cop8"", ""cop9"", ""cop5"", ""cop4"", ""cop3"", ""cop2"", ""cop1b"", ""cop1a"", ""cop1"")"
cop42-eng.pdf.txt,"c(""n8"", ""n7"", ""n6"", ""n5"", ""n3"", ""n2"", ""n1"", ""cop44"", ""cop42"", ""cop35"", ""cop37"", ""cop36"", ""cop28"", ""cop24"", ""cop20b"", ""cop21b"", ""cop21a"", ""cop20"", ""cop20a"", ""cop15a"", ""cop14"", ""cop15"", ""cop14a"", ""cop10"", ""cop7"", ""cop8"", ""cop9"", ""cop5"", ""cop4"", ""cop3"", ""cop2"", ""cop1b"", ""cop1a"", ""cop1"", ""c1a"", ""c1"")"
cop44-cym.pdf.txt,"c(""cop44"", ""cop44a"", ""cop4"", ""ep1pg"", ""lpa001"")"
cop44-eng.pdf.txt,"c(""cop44"", ""cop44a"", ""cop4"", ""ep1pg"", ""lpa001"")"
cop44a-cym.pdf.txt,"c(""cop44"", ""cop44a"", ""cop4"", ""c1a"", ""c1"")"
cop44a-eng.pdf.txt,"c(""cop44"", ""cop44a"", ""cop4"", ""c1a"", ""c1"", ""d1"")"
cop44b-eng.pdf.txt,"c(""ex160c"", ""ex160"", ""cop44"", ""cop44b"", ""cop4"", ""c1a"", ""c1"")"
cop5-bil.pdf.txt,"c(""n5"", ""n1"")"
cop5-eng.pdf.txt,"c(""n3"", ""cop24"", ""cop5"", ""cop2"", ""cop1"", ""d1"", ""d4"")"
cop5a-eng.pdf.txt,"c(""cop24"", ""cop14"", ""cop15"", ""cop5"", ""cop5a"", ""cop2"", ""cop1"")"
cop7-bil.pdf.txt,"c(""te3"", ""n3"", ""n2"", ""n1"", ""cop7"", ""lpa001"")"
cop7-cym.pdf.txt,"c(""n3"", ""n2"", ""n1"", ""cop24"", ""cop7"", ""cop2"", ""cop1"", ""c1a"", ""c1"", ""lpa001"", ""lpa006"", ""lpa008"")"
cop7-eng.pdf.txt,"c(""te3"", ""cop44"", ""cop24"", ""cop7"", ""cop4"", ""cop2"", ""cop1"", ""lpa001"", ""lpa006"", ""lpa007"", ""lpa008"")"
cop8-cym.pdf.txt,"c(""n1"", ""cop24"", ""cop8"", ""cop2"", ""c1a"", ""c1"", ""ep1pg"")"
cop8-eng.pdf.txt,"c(""te3"", ""n3"", ""cop44"", ""cop24"", ""cop8"", ""cop4"", ""cop2"", ""cop1"", ""b1"", ""d4"", ""ep1pg"")"
cop9-bil.pdf.txt,none detected
cop9-cym.pdf.txt,"c(""n2b"", ""n2"")"
cop9-eng.pdf.txt,"c(""n2"", ""cop44"", ""cop24"", ""cop25"", ""cop10"", ""cop9"", ""cop4"", ""cop2"", ""cop1"", ""d4"")"
county-court-business-centre-code-of-practice-eng.pdf.txt,"c(""n445"", ""n294"", ""n225a"", ""n225"", ""n30"", ""n9a"", ""n9"", ""n3"", ""n2"", ""n1"", ""n29"", ""n35"", ""n35a"", ""n293"")"
criminal-injuries-compensation-scheme-1996-eng.pdf.txt,"c(""te9"", ""t131"", ""t127"", ""t94"", ""t10"", ""t12"", ""t11"", ""ph3"", ""no.52"", ""n11"", ""n9"", ""n7"", ""n6"", ""n5"", ""n2"", ""n1"", ""ex105"", ""et1"", ""d20"", ""d11"", ""d8"", ""b1"", ""a105"", ""a62"", ""a1"", ""n10"", ""n52"", ""n62"", ""n73"", ""n94"", ""ex10"", ""a6"", ""a8"", ""a83"", ""d1"", ""d7"", ""d12"", ""d13"", ""d14"", ""d24"", ""d73"", ""5002"", ""5161"", ""5171"")"
criminal-injuries-compensation-scheme-2001-eng.pdf.txt,"c(""te9"", ""t141"", ""t131"", ""t128"", ""t116"", ""t94"", ""t10"", ""t12"", ""t11"", ""n11"", ""n9"", ""n7"", ""n6"", ""n5"", ""n3"", ""n2"", ""n1"", ""d62"", ""d20"", ""d11"", ""d6"", ""b1"", ""a62"", ""a2"", ""a4"", ""n10"", ""n26"", ""n29"", ""n34"", ""n49"", ""n52"", ""n62"", ""n73"", ""n94"", ""a6"", ""a25"", ""d1"", ""d3"", ""d4"", ""d7"", ""d12"", ""d14"", ""d41"", ""d43"", ""d73"", ""5020"", ""5081"", ""5171"", ""ia4"")"
criminal-injuries-compensation-scheme-2008-eng.pdf.txt,none detected
criminal-injuries-compensation-scheme-2012-eng.pdf.txt,"c(""b1"", ""a20"", ""a5"", ""a2"", ""a4"", ""a1"", ""a3"", ""a6"", ""a7"", ""a8"", ""a9"", ""a12"", ""a13"", ""a15"", ""a16"", ""a17"", ""a18"", ""a19"", ""5134"")"
cs-a1-eng.pdf.txt,a1
cs-a2-eng.pdf.txt,a2
cs-a3-eng.pdf.txt,"c(""a3"", ""5013"")"
cs-a4-eng.pdf.txt,a4
cs-a90-eng.pdf.txt,"c(""a9"", ""a90"")"
cs-a91-eng.pdf.txt,"c(""a9"", ""a91"")"
cs-p1-eng.pdf.txt,none detected
cs-r1-eng.pdf.txt,none detected
cs-r2-eng.pdf.txt,5013
cs-r3-eng.pdf.txt,none detected
cs-r91-eng.pdf.txt,none detected
cs-s1-eng.pdf.txt,none detected
cs-wd-eng.pdf.txt,none detected
cs01-eng.pdf.txt,none detected
cs02-eng.pdf.txt,none detected
cs03-eng.pdf.txt,none detected
cs04-eng.pdf.txt,none detected
d11-bil.pdf.txt,"c(""ex160"", ""ex50"", ""d11"", ""d1"")"
d11-eng.pdf.txt,"c(""ex160"", ""ex50"", ""d11"", ""d1"")"
d13b-bil.pdf.txt,"c(""d13b"", ""c1"", ""d1"", ""d13"")"
d13b-eng.pdf.txt,"c(""d13b"", ""c1"", ""d1"", ""d13"")"
d151-bil.pdf.txt,"c(""d151"", ""d1"", ""d15"")"
d151-eng.pdf.txt,"c(""d151"", ""d1"", ""d15"")"
d180-bil.pdf.txt,"c(""d180"", ""d1"", ""d18"")"
d180-eng.pdf.txt,none detected
d183-cym.pdf.txt,"c(""ex160a"", ""ex160"", ""ex50"", ""d192"", ""d191"", ""d184"", ""d183"", ""cb7"", ""d1"", ""d18"", ""d19"")"
d183-eng.pdf.txt,"c(""ex160a"", ""ex160"", ""ex50"", ""d192"", ""d191"", ""d184"", ""d183"", ""cb7"", ""d1"", ""d18"", ""d19"")"
d184-cym.pdf.txt,"c(""ex160a"", ""ex160"", ""ex50"", ""d186"", ""d184"", ""d183"", ""d89"", ""d5"", ""d8"", ""cb7"", ""d1"", ""d9a"", ""d9h"", ""d18"", ""d51"")"
d184-eng.pdf.txt,"c(""ex160a"", ""ex160"", ""ex50"", ""d186"", ""d184"", ""d183"", ""d89"", ""d5"", ""d8"", ""cb7"", ""d1"", ""d9a"", ""d9h"", ""d18"", ""d51"")"
d185-cym.pdf.txt,"c(""d184"", ""d185"", ""d183"", ""cb1"", ""b1"", ""d1"", ""d18"")"
d185-eng.pdf.txt,"c(""d184"", ""d185"", ""d183"", ""cb1"", ""b1"", ""d1"", ""d18"")"
d186-cym.pdf.txt,"c(""d186"", ""d187"", ""d84"", ""d5"", ""d8"", ""cb7"", ""d1"", ""d7"", ""d18"", ""d51"", ""d79"", ""d84(a)"")"
d186-eng.pdf.txt,"c(""d186"", ""d187"", ""d84"", ""d5"", ""d8"", ""cb7"", ""d1"", ""d7"", ""d18"", ""d51"", ""d79"", ""d84(a)"")"
d187-cym.pdf.txt,"c(""ex160a"", ""ex160"", ""ex50"", ""d187"", ""d36"", ""d5"", ""d1"", ""d3"", ""d18"", ""d29"", ""d37"", ""d529"", ""d537"", ""5161"")"
d187-eng.pdf.txt,"c(""ex160"", ""ex50"", ""d187"", ""d36"", ""d5"", ""d1"", ""d3"", ""d18"", ""d29"", ""d37"", ""d529"", ""d537"", ""5161"")"
d190-cym.pdf.txt,"c(""ex160a"", ""ex160"", ""ex50"", ""d190"", ""d1"", ""d19"")"
d190-eng.pdf.txt,"c(""ex160a"", ""ex160"", ""ex50"", ""d190"", ""d1"", ""d19"")"
d191-cym.pdf.txt,"c(""ex160a"", ""ex160"", ""ex50"", ""d191"", ""d190"", ""d184"", ""d8n"", ""d8"", ""cb7"", ""d1"", ""d18"", ""d19"")"
d191-eng.pdf.txt,"c(""ex160a"", ""ex160"", ""ex50"", ""d191"", ""d190"", ""d184"", ""d8n"", ""d8"", ""cb7"", ""d1"", ""d18"", ""d19"")"
d192-cym.pdf.txt,"c(""d192"", ""d8"", ""d1"", ""d19"")"
d192-eng.pdf.txt,"c(""ex50"", ""d192"", ""d191"", ""d8"", ""cb7"", ""d1"", ""d19"")"
d193-cym.pdf.txt,"c(""ex160a"", ""ex160"", ""d508"", ""d193"", ""d194"", ""d195"", ""d50"", ""d5"", ""d1"", ""d19"")"
d194-cym.pdf.txt,"c(""ex160a"", ""ex160"", ""ex50"", ""d508"", ""d194"", ""d89"", ""d50"", ""d5"", ""d8"", ""d8a"", ""d1"", ""d9a"", ""d9h"", ""d19"", ""d51"")"
d195-cym.pdf.txt,"c(""ex160a"", ""ex160"", ""ex50"", ""d197"", ""d196"", ""d195"", ""d84"", ""d5"", ""d8"", ""d8a"", ""d1"", ""d19"", ""d56"", ""d84(c)"", ""d566"")"
d196-cym.pdf.txt,"c(""d197"", ""d196"", ""d195"", ""d84"", ""d5"", ""d8"", ""d8a"", ""d1"", ""d7"", ""d19"", ""d51"", ""d79"", ""d580g"")"
d197-cym.pdf.txt,"c(""ex160a"", ""ex160"", ""ex50"", ""d197"", ""d195"", ""d36"", ""d5"", ""d1"", ""d3"", ""d19"", ""d56"", ""d529"", ""d537"", ""d566"")"
d20-bil.pdf.txt,d20
d20-eng.pdf.txt,d20
d252-bil.pdf.txt,"c(""d252"", ""d25"")"
d252-eng.pdf.txt,"c(""d252"", ""d25"")"
d254-bil.pdf.txt,"c(""d254"", ""d25"")"
d254-eng.pdf.txt,"c(""d254"", ""d25"")"
d258-bil.pdf.txt,"c(""d258"", ""d25"")"
d258-eng.pdf.txt,"c(""d258"", ""d25"")"
d258a-bil.pdf.txt,"c(""d258a"", ""d258"", ""d25"")"
d258a-eng.pdf.txt,"c(""d258a"", ""d258"", ""d25"")"
d258b-bil.pdf.txt,"c(""d258b"", ""d258"", ""d25"")"
d258b-cym.pdf.txt,"c(""d258b"", ""d258"", ""d25"")"
d258b-eng.pdf.txt,"c(""d258b"", ""d258"", ""d25"")"
d258c-bil.pdf.txt,"c(""d258c"", ""d258"", ""d25"")"
d258c-eng.pdf.txt,"c(""d258c"", ""d258"", ""d25"")"
d259-bil.pdf.txt,"c(""d259"", ""d25"")"
d259-eng.pdf.txt,"c(""d259"", ""d25"")"
d36-bil.pdf.txt,"c(""d36"", ""d3"")"
d36-eng.pdf.txt,"c(""d36"", ""d3"")"
d440-cym.pdf.txt,"c(""ex50"", ""d440"", ""c1"", ""d4"", ""d44"")"
d440-eng.pdf.txt,"c(""ex50"", ""d440"", ""c1"", ""d4"", ""d44"")"
d5-bil.pdf.txt,d5
d5-eng.pdf.txt,d5
d50-bil.pdf.txt,"c(""n1d"", ""n1"", ""d50"", ""d5"")"
d50-eng.pdf.txt,"c(""d50"", ""d5"")"
d508-cym.pdf.txt,"c(""d508"", ""d50"", ""d5"")"
d508-nodiadau-notes-cym.pdf.txt,none detected
d50a-bil.pdf.txt,"c(""d50"", ""d50a"", ""d5"")"
d50a-eng.pdf.txt,"c(""d50"", ""d50a"", ""d5"")"
d50b-bil.pdf.txt,"c(""d50b"", ""d50"", ""d5"")"
d50b-eng.pdf.txt,"c(""d50b"", ""d50"", ""d5"")"
d50c-bil.pdf.txt,"c(""d50c"", ""d50"", ""d5"", ""a1"")"
d50c-eng.pdf.txt,"c(""d50c"", ""d50"", ""d5"", ""a1"")"
d50d-bil.pdf.txt,"c(""d50d"", ""d50"", ""d5"", ""a1"")"
d50d-eng.pdf.txt,"c(""d50d"", ""d50"", ""d5"", ""a1"")"
d50e-bil.pdf.txt,"c(""d50e"", ""d50"", ""d5"")"
d50e-eng.pdf.txt,"c(""d50e"", ""d50"", ""d5"")"
d50f-bil.pdf.txt,none detected
d50f-eng.pdf.txt,none detected
d50g-bil.pdf.txt,"c(""d50g"", ""d50"", ""d5"")"
d50g-eng.pdf.txt,"c(""d50g"", ""d50"", ""d5"")"
d50h-bil.pdf.txt,"c(""d50h"", ""d50"", ""d5"")"
d50h-eng.pdf.txt,"c(""d50h"", ""d50"", ""d5"")"
d50j-bil.pdf.txt,"c(""d50j"", ""d50"", ""d5"")"
d50j-eng.pdf.txt,"c(""d50j"", ""d50"", ""d5"", ""d1"")"
d50k-bil.pdf.txt,"c(""d50k"", ""d50"", ""d5"")"
d50k-eng.pdf.txt,"c(""d50k"", ""d50"", ""d5"")"
d580(f)-bil.pdf.txt,none detected
d6-bil.pdf.txt,d6
d6-eng.pdf.txt,d6
d62-bil.pdf.txt,"c(""d62"", ""d6"")"
d62-eng.pdf.txt,"c(""d62"", ""d6"")"
d63-bil.pdf.txt,none detected
d63-eng.pdf.txt,"c(""d63"", ""d6"")"
d650-eng.pdf.txt,"c(""d650"", ""d6"")"
d651-eng.pdf.txt,"c(""d651"", ""d6"")"
d70-bil.pdf.txt,"c(""d70"", ""d7"")"
d70-eng.pdf.txt,"c(""d70"", ""d7"")"
d8-bil.pdf.txt,"c(""n11"", ""n1"", ""ex160a"", ""ex160"", ""ex50"", ""d11"", ""d8"", ""c8"", ""d1"")"
d8-eng.pdf.txt,"c(""ex160a"", ""ex160"", ""ex50"", ""d11"", ""d8"", ""c8"", ""d1"")"
d8-nodiadau-d8-notes-bil.pdf.txt,"c(""ex50"", ""d192"", ""d190"", ""d183"", ""d8"", ""c8"", ""d1"", ""d18"", ""d19"")"
d80a-bil.pdf.txt,"c(""n1"", ""d80a"", ""d8"", ""b1"")"
d80a-eng.pdf.txt,"c(""d80a"", ""d8"")"
d80b-bil.pdf.txt,"c(""d80b"", ""d8"")"
d80b-eng.pdf.txt,"c(""d80b"", ""d8"")"
d80c-bil.pdf.txt,"c(""d80c"", ""d8"")"
d80c-eng.pdf.txt,"c(""d80c"", ""d8"")"
d80d-bil.pdf.txt,"c(""d80d"", ""d8"")"
d80d-eng.pdf.txt,"c(""d80d"", ""d8"")"
d80e-bil.pdf.txt,"c(""d80e"", ""d8"")"
d80e-eng.pdf.txt,"c(""d80e"", ""d8"")"
d80f-bil.pdf.txt,"c(""d80f"", ""d8"")"
d80f-eng.pdf.txt,"c(""d80f"", ""d8"")"
d80g-bil.pdf.txt,"c(""n6"", ""d80g"", ""d8"")"
d80g-eng.pdf.txt,"c(""d80g"", ""d8"")"
d81-bil.pdf.txt,"c(""d81"", ""d8"")"
d81-eng.pdf.txt,"c(""d81"", ""d8"")"
d84-bil.pdf.txt,"c(""d84"", ""d8"")"
d84-eng.pdf.txt,"c(""d84"", ""d8"")"
d89-bil.pdf.txt,"c(""d89"", ""d8"")"
d89-cym.pdf.txt,"c(""d89"", ""d8"")"
d89-eng.pdf.txt,"c(""d89"", ""d8"")"
d8a-bil.pdf.txt,"c(""d8"", ""d8a"")"
d8b-bil.pdf.txt,"c(""d8b"", ""d8"")"
d8b-eng.pdf.txt,"c(""d8b"", ""d8"")"
d8d-bil.pdf.txt,"c(""d8n"", ""d8"", ""a1"", ""d8n notes"")"
d8d-eng.pdf.txt,"c(""d8d"", ""d8"", ""a1"", ""d8d notes"")"
d8d-nodiadau-d8d-notes-bil.pdf.txt,"c(""ex50"", ""d190"", ""d8d"", ""d8"", ""d1"", ""d19"")"
d8d-notes-eng.pdf.txt,"c(""ex50"", ""d190"", ""d8d"", ""d8"", ""d1"", ""d19"")"
d8n-bil.pdf.txt,"c(""d8n"", ""d8"", ""d8n notes"")"
d8n-eng.pdf.txt,"c(""d8n"", ""d8"", ""d8n notes"")"
d8n-nodiadau-d8n-notes-bil.pdf.txt,"c(""ex50"", ""d191"", ""d190"", ""d8n"", ""d8"", ""c8"", ""d1"", ""d19"")"
d8n-notes-eng.pdf.txt,"c(""ex50"", ""d191"", ""d190"", ""d8n"", ""d8"", ""c8"", ""d1"", ""d19"")"
eac1-eng.pdf.txt,"c(""n1"", ""eac1"", ""c1"", ""a1"")"
eac2-eng.pdf.txt,"c(""eac2"", ""c2"")"
eich-apel-y-camau-nesaf-cym.pdf.txt,none detected
el1-eng.pdf.txt,el1
el2-eng.pdf.txt,el2
eld1-eng.pdf.txt,"c(""eld1"", ""d1"")"
eld2-eng.pdf.txt,eld2
enquiry-form-(appellant)-eng.pdf.txt,none detected
enquiry-form-(other-party)-eng.pdf.txt,none detected
epl3-eng.pdf.txt,epl3
epl4-eng.pdf.txt,epl4
epl5-eng.pdf.txt,epl5
epl6-and-epl7-eng.pdf.txt,epl6
et1-cym.pdf.txt,"c(""n6"", ""et1"")"
et1-eng.pdf.txt,et1
et1a-cym.pdf.txt,"c(""n6"", ""et1"", ""et1a"", ""d1"", ""d12"")"
et1a-eng.pdf.txt,"c(""et1"", ""et1a"")"
et3-cym.pdf.txt,"c(""et3"", ""d8"")"
et3-eng.pdf.txt,et3
eu-article-53-eng.pdf.txt,none detected
eu-article-60-eng.pdf.txt,none detected
ex105-bil.pdf.txt,"c(""ex105"", ""d11"", ""ex10"", ""d1"", ""d3"", ""d18"")"
ex105-eng.pdf.txt,"c(""ex105"", ""ex10"")"
ex107-bil.pdf.txt,"c(""ex107"", ""ex10"")"
ex107-eng.pdf.txt,none detected
ex107-gwybodaeth-ex107-info-bil.pdf.txt,"c(""n5"", ""ex107"", ""ch7"", ""c4"", ""c2"", ""a4"", ""ex10"", ""ex107info"", ""5011"", ""5405"")"
ex107c-cym.pdf.txt,"c(""ex107c"", ""ex107"", ""ex10"", ""5223"")"
ex107c-eng.pdf.txt,"c(""ex107c"", ""ex107"", ""ex10"", ""5223"")"
ex107gn-cym.pdf.txt,"c(""ex107gn"", ""ex107"", ""c4"", ""c2"", ""b1"", ""ex10"", ""5223"")"
ex107gn-eng.pdf.txt,"c(""ex107gn"", ""ex107"", ""c4"", ""c2"", ""b1"", ""ex10"", ""5223"")"
ex108-eng.pdf.txt,"c(""ex108"", ""ex10"")"
ex140-bil.pdf.txt,none detected
ex140-eng.pdf.txt,"c(""ex140"", ""d8"", ""d8a"", ""d1"", ""d12"")"
ex141-bil.pdf.txt,none detected
ex141-eng.pdf.txt,"c(""ex141"", ""d11"", ""d1"")"
ex160-bil.pdf.txt,"c(""n1"", ""ex160"", ""ch1"", ""d1"")"
ex160-eng.pdf.txt,"c(""n1"", ""ex160"", ""d1"")"
ex160a-bil.pdf.txt,"c(""ex160a"", ""ex160"")"
ex160a-eng.pdf.txt,"c(""ex160a"", ""ex160"")"
ex160b-eng.pdf.txt,"c(""ex160b"", ""ex160"")"
ex20-bil.pdf.txt,none detected
ex20-cym.pdf.txt,none detected
ex20-eng.pdf.txt,"c(""n443"", ""n244"", ""n24"", ""n2"", ""ex20"")"
ex301-bil.pdf.txt,none detected
ex301-cym.pdf.txt,"c(""ex340"", ""ex321"", ""ex306"", ""ex303"", ""ex301"", ""ex302"", ""ex3"")"
ex301-eng.pdf.txt,"c(""ex340"", ""ex321"", ""ex306"", ""ex305"", ""ex303"", ""ex301"", ""ex302"", ""ex160a"", ""ex160"", ""ex50"", ""ex3"")"
ex302-cym.pdf.txt,"c(""ex304"", ""ex302"", ""ex160a"", ""ex160"", ""ex50"", ""ex3"")"
ex302-eng.pdf.txt,"c(""ex304"", ""ex302"", ""ex160a"", ""ex160"", ""ex50"", ""ex3"")"
ex303-bil.pdf.txt,none detected
ex303-cym.pdf.txt,"c(""ex303"", ""ex3"")"
ex303-eng.pdf.txt,"c(""ex306"", ""ex305"", ""ex303"", ""ex301"", ""ex160a"", ""ex160"", ""ex50"", ""ex3"")"
ex304-bil.pdf.txt,none detected
ex304-cym.pdf.txt,"c(""ex304"", ""ex3"")"
ex304-eng.pdf.txt,"c(""ex342"", ""ex306"", ""ex304"", ""ex305"", ""ex3"")"
ex305-cym.pdf.txt,"c(""ex340"", ""ex341"", ""ex306"", ""ex305"", ""ex160a"", ""ex160"", ""ex50"", ""ex3"")"
ex305-eng.pdf.txt,"c(""ex340"", ""ex341"", ""ex306"", ""ex305"", ""ex160a"", ""ex160"", ""ex50"", ""ex3"")"
ex306-cym.pdf.txt,"c(""ex730"", ""ex342"", ""ex340"", ""ex341"", ""ex321"", ""ex306"", ""ex305"", ""ex160a"", ""ex160"", ""ex50"", ""ex3"", ""ex7"")"
ex306-eng.pdf.txt,"c(""ex730"", ""ex342"", ""ex340"", ""ex341"", ""ex321"", ""ex306"", ""ex305"", ""ex160a"", ""ex160"", ""ex50"", ""ex3"", ""ex7"")"
ex320-bil.pdf.txt,none detected
ex320-cym.pdf.txt,"c(""n443"", ""ex320"", ""ex50"", ""ex20"", ""ex3"")"
ex320-eng.pdf.txt,"c(""n443"", ""ex320"", ""ex20"", ""ex3"")"
ex321-cym.pdf.txt,"c(""ex325"", ""ex323"", ""ex324"", ""ex322"", ""ex321"", ""ex160a"", ""ex160"", ""ex3"")"
ex321-eng.pdf.txt,"c(""ex325"", ""ex323"", ""ex324"", ""ex322"", ""ex321"", ""ex160a"", ""ex160"", ""ex3"")"
ex322-cym.pdf.txt,"c(""n445"", ""n323"", ""n293a"", ""n24"", ""n3"", ""n2"", ""ex322"", ""ex321"", ""ex160a"", ""ex160"", ""ex50"", ""n29"", ""n32"", ""n32(3)"", ""n246"", ""n246a"", ""n293"", ""ex3"")"
ex322-eng.pdf.txt,"c(""n445"", ""n323"", ""n293a"", ""n24"", ""n3"", ""n2"", ""ex322"", ""ex321"", ""ex160a"", ""ex160"", ""ex50"", ""c2"", ""c1"", ""b1"", ""n29"", ""n32"", ""n32(3)"", ""n246"", ""n246a"", ""n293"", ""ex3"")"
ex323-cym.pdf.txt,"c(""ex325"", ""ex323"", ""ex324"", ""ex321"", ""ex3"")"
ex323-eng.pdf.txt,"c(""n446"", ""n337"", ""n336"", ""n244"", ""n24"", ""n3"", ""n2"", ""ex323"", ""ex324"", ""ex321"", ""ex160a"", ""ex160"", ""ex50"", ""c15"", ""c2"", ""c1"", ""n33"", ""ex3"", ""c24"", ""c25"")"
ex324-cym.pdf.txt,"c(""n316"", ""n316a"", ""n39"", ""n7"", ""n3"", ""ex550"", ""ex324"", ""ex321"", ""ex160a"", ""ex160"", ""ex140"", ""ex141"", ""ex50"", ""n31"", ""n79a"", ""ex3"")"
ex324-eng.pdf.txt,"c(""n316"", ""n316a"", ""n39"", ""n7"", ""n3"", ""ex550"", ""ex324"", ""ex321"", ""ex160a"", ""ex160"", ""ex140"", ""ex141"", ""ex50"", ""n31"", ""n79a"", ""ex3"")"
ex325-cym.pdf.txt,"c(""n380"", ""n349"", ""n215"", ""n87"", ""n8"", ""n3"", ""n2"", ""ex325"", ""ex321"", ""ex160a"", ""ex160"", ""ex50"", ""n8(4)"", ""n21"", ""n34"", ""n38"", ""n84"", ""ex3"")"
ex325-eng.pdf.txt,"c(""n380"", ""n379"", ""n349"", ""n215"", ""n87"", ""n8"", ""n3"", ""n2"", ""ex325"", ""ex321"", ""ex160a"", ""ex160"", ""ex50"", ""n8(4)"", ""n21"", ""n34"", ""n37"", ""n38"", ""n84"", ""n85"", ""ex3"")"
ex326-(print-bras)-cym.pdf.txt,"c(""n270"", ""n245"", ""n244"", ""n24"", ""n2"", ""n27"")"
ex326-cym.pdf.txt,none detected
ex326-eng.pdf.txt,"c(""n270"", ""n245"", ""n244"", ""n92"", ""n24"", ""n9"", ""n2"", ""ex326"", ""ex160a"", ""ex160"", ""ex50"", ""ex20"", ""n27"", ""ex3"")"
ex327-bil.pdf.txt,"c(""ex325"", ""ex327"", ""ex324"", ""ex322"", ""ex160a"", ""ex160"", ""ex50"", ""ex3"")"
ex327-cym.pdf.txt,"c(""remo20"", ""n337"", ""n3"", ""ex325"", ""ex327"", ""ex324"", ""ex322"", ""ex160a"", ""ex160"", ""ex50"", ""d62"", ""d50k"", ""d50"", ""d5"", ""d6"", ""c2"", ""c1"", ""n33"", ""ex3"", ""remo2"")"
ex327-eng.pdf.txt,"c(""remo20"", ""n337"", ""n3"", ""ex325"", ""ex327"", ""ex324"", ""ex322"", ""ex160a"", ""ex160"", ""ex50"", ""d62"", ""d50k"", ""d50"", ""d5"", ""d6"", ""c8"", ""c2"", ""c1"", ""a1"", ""n33"", ""ex3"", ""remo2"", ""a13"")"
ex328-cym.pdf.txt,"c(""n322b"", ""n3"", ""ex727"", ""ex325"", ""ex328"", ""ex323"", ""ex324"", ""ex322"", ""ex321"", ""ex160a"", ""ex160"", ""ex50"", ""n32"", ""n32(2)"", ""n322"", ""ex3"", ""ex7"", ""ex72"")"
ex328-eng.pdf.txt,"c(""n322b"", ""n3"", ""ex727"", ""ex325"", ""ex328"", ""ex323"", ""ex324"", ""ex322"", ""ex321"", ""ex160a"", ""ex160"", ""ex50"", ""n32"", ""n32(2)"", ""n322"", ""ex3"", ""ex7"", ""ex72"")"
ex329-cym.pdf.txt,"c(""n322b"", ""n322a"", ""n3"", ""ex728"", ""ex329"", ""ex325"", ""ex323"", ""ex324"", ""ex322"", ""ex321"", ""ex160a"", ""ex160"", ""ex50"", ""n32"", ""n32(2)"", ""n322"", ""ex3"", ""ex7"", ""ex72"")"
ex329-eng.pdf.txt,"c(""n322b"", ""n322a"", ""n3"", ""ex728"", ""ex329"", ""ex325"", ""ex323"", ""ex324"", ""ex322"", ""ex321"", ""ex160a"", ""ex160"", ""ex50"", ""n32"", ""n32(2)"", ""n322"", ""ex3"", ""ex7"", ""ex72"")"
ex332-cym.pdf.txt,none detected
ex332-eng.pdf.txt,"c(""n215"", ""n130"", ""n133"", ""n20"", ""n5"", ""n2"", ""n1"", ""ex332"", ""ex160a"", ""ex160"", ""ex50"", ""n21"", ""n206"", ""n206b"", ""ex3"", ""ex33"")"
ex333-cym.pdf.txt,none detected
ex333-eng.pdf.txt,none detected
ex340-cym.pdf.txt,"c(""n161"", ""n16(1)"", ""n1"", ""ex340"", ""ex160a"", ""ex160"", ""ex50"", ""n16"", ""ex3"")"
ex340-eng.pdf.txt,"c(""n164"", ""n161a"", ""n161"", ""n16(1)"", ""n1"", ""fp161a"", ""fp161"", ""fp1"", ""ex340"", ""ex160a"", ""ex160"", ""ex50"", ""n16"", ""ex3"", ""fp16"")"
ex341-cym.pdf.txt,"c(""n20"", ""n2"", ""ex341"", ""ex3"")"
ex341-eng.pdf.txt,"c(""n20"", ""n2"", ""ex341"", ""ex3"")"
ex342-cym.pdf.txt,none detected
ex342-eng.pdf.txt,"c(""n20"", ""n2"", ""ex342"", ""ex340"", ""ex3"", ""5152"")"
ex343-cym.pdf.txt,"c(""ex343"", ""c2"", ""ex3"")"
ex343-eng.pdf.txt,"c(""ex343"", ""c2"", ""ex3"")"
ex343a-bil.pdf.txt,"c(""ex343a"", ""ex343"", ""ex3"")"
ex343a-cym.pdf.txt,"c(""ex343a"", ""ex343"", ""ex3"")"
ex343a-eng.pdf.txt,"c(""ex343a"", ""ex343"", ""ex3"")"
ex345-cym.pdf.txt,"c(""ex345"", ""ex343"", ""ex3"")"
ex345-eng.pdf.txt,"c(""ex345"", ""ex343"", ""ex160a"", ""ex160"", ""ex50"", ""eac2"", ""c2"", ""ex3"")"
ex350-bil.pdf.txt,none detected
ex350-cym.pdf.txt,"c(""ex730"", ""ex370"", ""ex350"", ""ex304"", ""ex305"", ""ex302"", ""ex3"", ""ex7"")"
ex350-eng.pdf.txt,"c(""n1"", ""ex350"", ""ex302"", ""ex3"")"
ex370-bil.pdf.txt,"c(""ex370"", ""ex343"", ""ex340"", ""ex3"")"
ex370-eng.pdf.txt,"c(""ex370"", ""ex343"", ""ex340"", ""ex3"")"
ex375-cym.pdf.txt,"c(""n219a"", ""n219"", ""n2"", ""ex375"", ""ex321"", ""ex160a"", ""ex160"", ""ex50"", ""n21"", ""ex3"")"
ex375-eng.pdf.txt,"c(""n219a"", ""n219"", ""n2"", ""ex375"", ""ex321"", ""ex160a"", ""ex160"", ""ex50"", ""n21"", ""ex3"")"
ex380-eng.pdf.txt,"c(""ex380"", ""ex343"", ""c2"", ""ex3"")"
ex381-eng.pdf.txt,none detected
ex50-cym.pdf.txt,"c(""ex160a"", ""ex160"", ""ex50"", ""ex50a"", ""cb1"", ""b1"", ""a100"", ""a50"", ""a20"", ""a5"", ""a2"", ""a1"", ""a3"", ""a15"", ""5005"", ""5035"", ""5105"")"
ex50-eng.pdf.txt,"c(""ex160a"", ""ex160"", ""ex50"", ""ex50a"", ""cb1"", ""b1"", ""a1"", ""5005"", ""5035"", ""5105"")"
ex501-bil.pdf.txt,none detected
ex503-eng.pdf.txt,"c(""n461"", ""n1"", ""ex503"", ""ex50"", ""n46"")"
ex504-eng.pdf.txt,"c(""ex504"", ""ex50"")"
ex506-eng.pdf.txt,"c(""ex506"", ""ex50"")"
ex550-bil.pdf.txt,none detected
ex550-eng.pdf.txt,"c(""ex550"", ""c1"", ""b1"", ""a2"", ""a1"", ""a3"")"
ex660-eng.pdf.txt,"c(""ex660"", ""ex66"")"
ex660-notes-eng.pdf.txt,"c(""ex660"", ""c12"", ""c2"", ""c1"", ""a1"", ""c21"", ""a12"", ""ex66"")"
ex670-notes-eng.pdf.txt,ex670
ex710-cym.pdf.txt,"c(""ex711"", ""ex710"", ""ex7"")"
ex710-eng.pdf.txt,"c(""ex711"", ""ex710"", ""ex7"")"
ex711-bil.pdf.txt,"c(""n11"", ""n1"", ""ex711"", ""ex7"")"
ex711-cym.pdf.txt,"c(""ex711"", ""ex710"", ""ex7"")"
ex711-eng.pdf.txt,"c(""n20"", ""n2"", ""ex711"", ""ex710"", ""n201"", ""ex7"")"
ex715-cym.pdf.txt,"c(""ex715"", ""ex7"")"
ex725-cym.pdf.txt,"c(""ex725"", ""ex321"", ""ex50"", ""ex3"", ""ex7"", ""ex72"")"
ex725-eng.pdf.txt,"c(""ex725"", ""ex321"", ""ex50"", ""ex3"", ""ex7"", ""ex72"")"
ex727-cym.pdf.txt,"c(""n471"", ""ex727"", ""ex328"", ""ex160a"", ""ex160"", ""ex50"", ""ex3"", ""ex7"", ""ex72"", ""5315"")"
ex727-eng.pdf.txt,"c(""n471"", ""ex727"", ""ex328"", ""ex160a"", ""ex160"", ""ex50"", ""ex3"", ""ex7"", ""ex72"", ""5315"")"
ex728-cym.pdf.txt,"c(""n471a"", ""n471"", ""ex728"", ""ex329"", ""ex160a"", ""ex160"", ""ex50"", ""ex3"", ""ex7"", ""ex72"", ""5315"")"
ex728-eng.pdf.txt,"c(""n471a"", ""n471"", ""ex728"", ""ex329"", ""ex160a"", ""ex160"", ""ex50"", ""ex3"", ""ex7"", ""ex72"", ""5315"")"
ex730-cym.pdf.txt,"c(""n180"", ""n1"", ""ex730"", ""a1"", ""ex7"")"
ex730-eng.pdf.txt,"c(""n180"", ""n1"", ""ex730"", ""a1"", ""ex7"")"
ex731-cym.pdf.txt,"c(""ex731"", ""ex7"")"
ex80a-bil.pdf.txt,none detected
ex80a-eng.pdf.txt,"c(""ex80a"", ""ex8"")"
ex80b-eng.pdf.txt,"c(""ex80b"", ""ex8"")"
ex97a-eng.pdf.txt,"c(""ex97a"", ""a1"", ""ex97"", ""a13"")"
fe15-bil.pdf.txt,fe15
fe15-eng.pdf.txt,fe15
fe16-bil.pdf.txt,fe16
fe16-eng.pdf.txt,fe16
fe17-bil.pdf.txt,fe17
fe17-eng.pdf.txt,fe17
fe6-cym.pdf.txt,"c(""fe6"", ""ex325"", ""ex160"", ""c1"", ""a1"", ""ex3"", ""a13"")"
fe6-eng.pdf.txt,"c(""fe6"", ""ex325"", ""ex160"", ""c1"", ""a1"", ""ex3"", ""a13"")"
fe7-cym.pdf.txt,"c(""fe7"", ""ex325"", ""ex160"", ""c1"", ""a1"", ""ex3"", ""a13"")"
fe7-eng.pdf.txt,"c(""fe7"", ""ex325"", ""ex160"", ""c1"", ""a1"", ""ex3"", ""a13"")"
fee-account-application-form-eng.pdf.txt,n1
fee-account-eng.pdf.txt,none detected
fee-account-faqs-eng.pdf.txt,none detected
fee-account-t_cs-eng.pdf.txt,none detected
ffurflen-6.28-form-6.28-bil.pdf.txt,"c(""c3"", ""c6"", ""d3"")"
ffurflen-6.28-nodiadau-form-6.28-notes-bil.pdf.txt,c3
ffurflen-a-form-a-bil.pdf.txt,"c(""ex50"", ""a1"")"
ffurflen-b-cym.pdf.txt,none detected
ffurflen-cyswllt-(pleidiau-eraill)-cym.pdf.txt,none detected
ffurflen-e-bil.pdf.txt,"c(""no.42"", ""n5"", ""n2"", ""n1"", ""el1"", ""c5"", ""c4"", ""c2"", ""c3"", ""c1"", ""b1"", ""n51"", ""c6"", ""d1"", ""d3"", ""d39"")"
ffurflen-e-canllawiau-cym.pdf.txt,none detected
ffurflen-e-nodiadau-form-e-notes-bil.pdf.txt,none detected
ffurflen-e1-form-e1-bil.pdf.txt,none detected
ffurflen-e2-form-e2-bil.pdf.txt,none detected
ffurflen-f-form-f-bil.pdf.txt,none detected
ffurflen-h-form-h-bil.pdf.txt,none detected
ffurflen-h1-form-h1-bil.pdf.txt,none detected
ffurflen-i-form-i-bil.pdf.txt,none detected
ffurflen-p1-form-p1-bil.pdf.txt,none detected
ffurflen-p2-form-p2-bil.pdf.txt,none detected
ffurflen-ymholiadau-cym.pdf.txt,none detected
fgm001-cym.pdf.txt,"c(""fgm700"", ""fgm006"", ""fgm001"", ""c8"")"
fgm001-eng.pdf.txt,"c(""fgm700"", ""fgm006"", ""fgm001"", ""c8"")"
fgm002-cym.pdf.txt,"c(""fgm007"", ""fgm002"")"
fgm003-cym.pdf.txt,"c(""fgm003"", ""c8"")"
fgm003-eng.pdf.txt,"c(""fgm003"", ""c8"")"
fgm004-cym.pdf.txt,fgm004
fgm005-cym.pdf.txt,fgm005
fgm005-eng.pdf.txt,fgm005
fgm006-cym.pdf.txt,fgm006
fgm006-eng.pdf.txt,fgm006
fgm007-cym.pdf.txt,"c(""fgm700"", ""fgm007"", ""c8"")"
fgm007-eng.pdf.txt,"c(""fgm700"", ""fgm007"", ""c8"")"
fgm700-amh.pdf.txt,"c(""pl1"", ""n2"", ""fl415"", ""fgm700"", ""fgm005"", ""fgm006"", ""fgm002"", ""fgm001"", ""c8"", ""c1"", ""c(f1)"", ""d1"", ""bd1"")"
fgm700-ara.pdf.txt,"c(""pl1"", ""n2"", ""fl415"", ""fgm700"", ""fgm005"", ""fgm006"", ""fgm003"", ""fgm002"", ""fgm001"", ""c8"", ""c1"", ""c(f1)"", ""d1"", ""bd1"")"
fgm700-cym.pdf.txt,"c(""pl1"", ""n2"", ""fl415"", ""fgm700"", ""fgm005"", ""fgm006"", ""fgm003"", ""fgm002"", ""fgm001"", ""c8"", ""c1"", ""c(f1)"", ""d1"", ""bd1"")"
fgm700-eng.pdf.txt,"c(""pl1"", ""n2"", ""fl415"", ""fgm700"", ""fgm005"", ""fgm006"", ""fgm003"", ""fgm002"", ""fgm001"", ""d89"", ""d8"", ""c8"", ""c1"", ""c(f1)"", ""d1"", ""bd1"")"
fgm700-far.pdf.txt,"c(""pl1"", ""n2"", ""fl415"", ""fgm700"", ""fgm005"", ""fgm006"", ""fgm003"", ""fgm002"", ""fgm001"", ""c8"", ""c1"", ""c(f1)"", ""d1"", ""bd1"")"
fgm700-fre.pdf.txt,"c(""pl1"", ""n2"", ""fl415"", ""fgm700"", ""fgm005"", ""fgm006"", ""fgm003"", ""fgm002"", ""fgm001"", ""c8"", ""c1"", ""c(f1)"", ""d1"", ""bd1"")"
fgm700-som.pdf.txt,"c(""pl1"", ""n2"", ""fl415"", ""fgm700"", ""fgm005"", ""fgm006"", ""fgm003"", ""fgm002"", ""fgm001"", ""c8"", ""c1"", ""c(f1)"", ""d1"", ""bd1"")"
fgm700-swa.pdf.txt,"c(""pl1"", ""n2"", ""fl415"", ""fgm700"", ""fgm005"", ""fgm006"", ""fgm003"", ""fgm002"", ""fgm001"", ""c8"", ""c1"", ""a5"", ""c(f1)"", ""d1"", ""bd1"")"
fgm700-tir.pdf.txt,"c(""pl1"", ""n2"", ""fl415"", ""fgm700"", ""fgm005"", ""fgm006"", ""fgm003"", ""fgm002"", ""fgm001"", ""c8"", ""c1"", ""c(f1)"", ""d1"", ""bd1"")"
fgm700-tur.pdf.txt,"c(""pl1"", ""n2"", ""fl415"", ""fgm700"", ""fgm005"", ""fgm006"", ""fgm003"", ""fgm002"", ""fgm001"", ""c8"", ""c1"", ""c(f1)"", ""d1"", ""bd1"")"
fgm700-urd.pdf.txt,"c(""pl1"", ""n2"", ""fl415"", ""fgm005"", ""fgm006"", ""fgm003"", ""fgm002"", ""fgm001"", ""c8"", ""c1"", ""c(f1)"", ""d1"", ""bd1"")"
fgm701-cym.pdf.txt,"c(""fgm700"", ""fgm005"", ""fgm004"", ""fgm006"", ""fgm003"", ""fgm007"", ""fgm002"", ""fgm001"")"
fgm701-eng.pdf.txt,"c(""fgm700"", ""fgm005"", ""fgm004"", ""fgm006"", ""fgm003"", ""fgm007"", ""fgm002"", ""fgm001"")"
fl401-bil.pdf.txt,"c(""n1"", ""fl401"", ""d5"", ""d8"", ""c8"", ""fl416"", ""d1"")"
fl401-eng.pdf.txt,"c(""fl401"", ""fl416"", ""d1"", ""d13"")"
fl401a-bil.pdf.txt,fl430
fl401a-eng.pdf.txt,"c(""fl430"", ""fl401a"", ""fl401"")"
fl403-bil.pdf.txt,"c(""fl403a"", ""fl403"")"
fl403-eng.pdf.txt,"c(""te3"", ""fl403"")"
fl403a-bil.pdf.txt,"c(""fl403a"", ""fl403"")"
fl403a-eng.pdf.txt,"c(""te3"", ""fl403a"", ""fl403"")"
fl404b-cym.pdf.txt,none detected
fl407-bil.pdf.txt,none detected
fl407a-bil.pdf.txt,"c(""fl407"", ""fl407a"")"
fl407a-eng.pdf.txt,"c(""fl407"", ""fl407a"")"
fl410-bil.pdf.txt,none detected
fl411-bil.pdf.txt,none detected
fl415-bil.pdf.txt,none detected
fl415-eng.pdf.txt,fl415
fl430-bil.pdf.txt,"c(""n3"", ""n2"", ""fl430"", ""fl401a"", ""fl401"")"
fl430-eng.pdf.txt,"c(""fl430"", ""fl401a"", ""fl401"")"
fl431-bil.pdf.txt,"c(""fl431"", ""c8"")"
fl431-eng.pdf.txt,fl431
fl700-cym.pdf.txt,"c(""fl700"", ""fl415"", ""fl401"", ""c8"", ""fl402"", ""fl404"", ""fl404a"", ""5001"")"
fl700-eng.pdf.txt,"c(""fl700"", ""fl415"", ""fl401"", ""d89"", ""d8"", ""c8"", ""fl402"", ""fl404"", ""fl404a"", ""5001"")"
fl701-ara.pdf.txt,"c(""fl701"", ""fl430"", ""fl415"", ""fl407"", ""fl403a"", ""fl407a"", ""fl401a"", ""fl403"", ""fl401"", ""c8"", ""c1"", ""b1"", ""fl402"", ""fl402a"", ""c(f1)"", ""d1"", ""bd1"")"
fl701-ben.pdf.txt,"c(""n9"", ""n2"", ""fl701"", ""c9"", ""c1"", ""b1"", ""a2"", ""c(f1)"", ""d1"", ""bd1"")"
fl701-cym.pdf.txt,"c(""pl1"", ""n2"", ""fl701"", ""fl430"", ""fl415"", ""fl407"", ""fl403a"", ""fl407a"", ""fl401a"", ""fl403"", ""fl401"", ""d89"", ""d8"", ""c8"", ""c1"", ""fl402"", ""fl402a"", ""c(f1)"", ""d1"", ""bd1"")"
fl701-eng.pdf.txt,"c(""pl1"", ""n2"", ""fl701"", ""fl430"", ""fl415"", ""fl407"", ""fl403a"", ""fl407a"", ""fl401a"", ""fl403"", ""fl401"", ""d89"", ""d8"", ""c8"", ""c1"", ""fl402"", ""fl402a"", ""c(f1)"", ""d1"", ""bd1"")"
fl701-far.pdf.txt,"c(""fl701"", ""fl430"", ""fl415"", ""fl407"", ""fl403a"", ""fl407a"", ""fl401a"", ""fl403"", ""fl401"", ""c8"", ""c1"", ""b1"", ""fl402"", ""fl402a"", ""c(f1)"", ""d1"", ""bd1"")"
fl701-pun.pdf.txt,"c(""fl701"", ""fl430"", ""fl415"", ""fl407"", ""fl403a"", ""fl407a"", ""fl401a"", ""fl403"", ""fl401"", ""c8"", ""c1"", ""b1"", ""fl402"", ""fl402a"", ""c(f1)"", ""d1"", ""bd1"")"
fl701-urd.pdf.txt,"c(""n155"", ""n15"", ""n9"", ""n3"", ""n1c"", ""n1"", ""fl701"", ""fl430"", ""fl415"", ""fl407"", ""fl403a"", ""fl407a"", ""fl401a"", ""fl403"", ""fl401"", ""d5"", ""c8"", ""c1"", ""b1"", ""a1"", ""fl402"", ""fl402a"", ""c(f1)"", ""a3"", ""a6"", ""d1"", ""bd1"", ""5155"")"
fm1-eng.pdf.txt,"c(""fm1"", ""cb7"", ""cb1"", ""c2"", ""c1"", ""b1"")"
form-200-eng.pdf.txt,"c(""ex160a"", ""ex160"")"
form-201-eng.pdf.txt,"c(""n208"", ""n20"", ""n2"")"
form-202-eng.pdf.txt,"c(""n162"", ""n161a"", ""n161"", ""n16(1)"", ""n1"", ""ex160a"", ""ex160"", ""n16"", ""c2"")"
form-204-eng.pdf.txt,"c(""t482"", ""t480"", ""c4"", ""c2"", ""a4"")"
form-205-eng.pdf.txt,none detected
form-206-eng.pdf.txt,"c(""n161a"", ""n161"", ""n16(1)"", ""n1"", ""n16"", ""c2"")"
form-207-eng.pdf.txt,none detected
form-4-eng.pdf.txt,5302
form-56a-eng.pdf.txt,c4
form-56b-eng.pdf.txt,"c(""c4"", ""c2"")"
form-56c-eng.pdf.txt,none detected
form-a-eng.pdf.txt,"c(""ex50"", ""d50h"", ""d50f"", ""d50c"", ""d50"", ""d5"", ""a1"")"
form-a1-eng.pdf.txt,"c(""ex50"", ""d50h"", ""d50f"", ""d50c"", ""d50"", ""d5"", ""a1"")"
form-a2-eng.pdf.txt,a2
form-b-eng.pdf.txt,none detected
form-e-eng.pdf.txt,none detected
form-e-notes-eng.pdf.txt,none detected
form-e1-eng.pdf.txt,none detected
form-e2-eng.pdf.txt,none detected
form-f-eng.pdf.txt,none detected
form-h-eng.pdf.txt,none detected
form-h1-eng.pdf.txt,none detected
form-i-eng.pdf.txt,none detected
form-p-eng.pdf.txt,b1
form-p1-eng.pdf.txt,none detected
form-p10-eng.pdf.txt,"c(""t116"", ""t11"")"
form-p10-guidance-notes-eng.pdf.txt,t12
form-p2-eng.pdf.txt,none detected
form-p9-eng.pdf.txt,t11
form-p9-guidance-notes-eng.pdf.txt,t12
form-ppf-eng.pdf.txt,b1
form-ppf1-eng.pdf.txt,"c(""ppf1"", ""pf1"")"
form-ppf2-eng.pdf.txt,"c(""ppf2"", ""pf2"")"
fp1-bil.pdf.txt,fp1
fp1-eng.pdf.txt,fp1
fp161-cym.pdf.txt,"c(""fp161a"", ""fp161"", ""fp1"", ""ex160"", ""ex105"", ""c2"", ""ex10"", ""fp16"")"
fp161-eng.pdf.txt,"c(""fp161a"", ""fp161"", ""fp1"", ""ex160"", ""ex105"", ""c2"", ""ex10"", ""fp16"")"
fp161a-cym.pdf.txt,"c(""n161d"", ""n161"", ""n16(1)"", ""n1"", ""fp202"", ""fp201"", ""fp161a"", ""fp161"", ""fp2"", ""fp1"", ""ex340"", ""ex160"", ""ex50"", ""n16"", ""ex3"", ""fp16"")"
fp161a-eng.pdf.txt,"c(""n161d"", ""n161"", ""n16(1)"", ""n1"", ""fp244"", ""fp202"", ""fp201"", ""fp200"", ""fp161a"", ""fp161"", ""fp2"", ""fp1"", ""ex340"", ""ex160"", ""ex50"", ""n16"", ""c2"", ""ex3"", ""fp16"")"
fp161b-cym.pdf.txt,"c(""fp162a"", ""fp161b"", ""fp162"", ""fp161"", ""fp1"", ""ex340"", ""c2"", ""ex3"", ""fp16"")"
fp161b-eng.pdf.txt,"c(""fp162a"", ""fp161b"", ""fp162"", ""fp161"", ""fp1"", ""ex340"", ""c2"", ""ex3"", ""fp16"")"
fp162-cym.pdf.txt,"c(""fp244"", ""fp162a"", ""fp162"", ""fp2"", ""fp1"", ""c2"", ""fp16"")"
fp162-eng.pdf.txt,"c(""fp244"", ""fp162a"", ""fp162"", ""fp2"", ""fp1"", ""c2"", ""fp16"")"
fp162a-cym.pdf.txt,"c(""fp244"", ""fp162a"", ""fp200"", ""fp162"", ""fp2"", ""fp1"", ""ex340"", ""ex160"", ""ex50"", ""c2"", ""ex3"", ""fp16"")"
fp162a-eng.pdf.txt,"c(""fp244"", ""fp162a"", ""fp200"", ""fp162"", ""fp2"", ""fp1"", ""ex340"", ""ex160"", ""ex50"", ""c2"", ""ex3"", ""fp16"")"
fp1a-bil.pdf.txt,"c(""fp1a"", ""fp1"")"
fp1a-eng.pdf.txt,"c(""fp1a"", ""fp1"")"
fp1b-bil.pdf.txt,"c(""fp1b"", ""fp1"")"
fp1b-eng.pdf.txt,"c(""fp1b"", ""fp1"")"
fp2-bil.pdf.txt,"c(""fp2"", ""a53"", ""a5"")"
fp2-eng.pdf.txt,"c(""fp2"", ""a53"", ""a5"")"
fp200-cym.pdf.txt,"c(""n244"", ""n162"", ""n161"", ""n24"", ""n16(1)"", ""n2"", ""n1"", ""fp244"", ""fp200"", ""fp162"", ""fp161"", ""fp2"", ""fp1"", ""ex160"", ""n16"", ""c2"", ""fp16"")"
fp200-eng.pdf.txt,"c(""n244"", ""n162"", ""n161"", ""n24"", ""n16(1)"", ""n2"", ""n1"", ""fp244"", ""fp200"", ""fp162"", ""fp161"", ""fp2"", ""fp1"", ""ex160"", ""n16"", ""c2"", ""fp16"")"
fp201-cym.pdf.txt,"c(""n161"", ""n16(1)"", ""n1"", ""fp201"", ""fp161"", ""fp2"", ""fp1"", ""n16"", ""c2"", ""fp16"")"
fp201-eng.pdf.txt,"c(""n161"", ""n16(1)"", ""n1"", ""fp201"", ""fp161"", ""fp2"", ""fp1"", ""n16"", ""c2"", ""fp16"")"
fp202-cym.pdf.txt,"c(""fp202"", ""fp201"", ""fp200"", ""fp161a"", ""fp161"", ""fp2"", ""fp1"", ""ex160"", ""ex105"", ""ex50"", ""c2"", ""ex10"", ""fp16"")"
fp202-eng.pdf.txt,"c(""fp202"", ""fp201"", ""fp200"", ""fp161a"", ""fp161"", ""fp2"", ""fp1"", ""ex160"", ""ex105"", ""ex50"", ""c2"", ""ex10"", ""fp16"")"
fp244-cym.pdf.txt,"c(""fp244a"", ""fp244"", ""fp2"", ""c2"")"
fp244-eng.pdf.txt,"c(""fp244a"", ""fp244"", ""fp2"", ""c2"")"
fp244a-cym.pdf.txt,"c(""fp244a"", ""fp244"", ""fp2"", ""ex160"", ""c2"")"
fp244a-eng.pdf.txt,"c(""fp244a"", ""fp244"", ""fp2"", ""ex160"", ""c2"")"
fp25-eng.pdf.txt,"c(""fp25"", ""fp2"")"
fp3-eng.pdf.txt,fp3
fp5-bil.pdf.txt,fp5
fp5-eng.pdf.txt,fp5
fp6-bil.pdf.txt,fp6
fp6-eng.pdf.txt,fp6
fp8-bil.pdf.txt,fp8
fp8-eng.pdf.txt,fp8
fp9-bil.pdf.txt,fp9
fp9-eng.pdf.txt,fp9
ftc1-eng.pdf.txt,none detected
ftc2-eng.pdf.txt,"c(""ftc2"", ""c4"", ""c2"")"
ftc2-notes-eng.pdf.txt,"c(""ftc2"", ""c4"", ""c2"")"
ftc3-eng.pdf.txt,"c(""ftc3"", ""c4"", ""c3"")"
ftc3-notes-eng.pdf.txt,"c(""ftc3"", ""c4"", ""c3"")"
gambling-application-for-fee-remission-for-companies-eng.pdf.txt,none detected
gambling-guidance-on-fee-remission-for-companies-eng.pdf.txt,none detected
getting-the-best-out-of-the-court-system-eng.pdf.txt,"c(""n325"", ""n293a"", ""n244"", ""n215"", ""n143"", ""n142"", ""n119"", ""n119a"", ""n121"", ""n16a"", ""n24"", ""n20"", ""n11r"", ""n11"", ""n7"", ""n5"", ""n3"", ""n2"", ""n1"", ""n16"", ""n21"", ""n29"", ""n32"", ""n32(5)"", ""n49"", ""n54"", ""n146"", ""n147"", ""n148"", ""n206"", ""n206b"", ""n293"", ""ex96"")"
gmappeal-1-eng.pdf.txt,none detected
gmappeal2-eng.pdf.txt,none detected
going-to-a-magistrates-court-eng.pdf.txt,none detected
guidance-for-misc-out-of-court-payments-eng.pdf.txt,"c(""n244"", ""n24"", ""n2"", ""c4"", ""5017"")"
gwys-rheithgor-cym.pdf.txt,none detected
iaft-1-eng.pdf.txt,t495
iaft-1-guide-eng.pdf.txt,c2
iaft-2-eng.pdf.txt,t495
iaft-2-guide-eng.pdf.txt,none detected
iaft-3-eng.pdf.txt,t495
iaft-3-guide-eng.pdf.txt,none detected
iaft-4-eng.pdf.txt,none detected
iaft-4-guide-eng.pdf.txt,none detected
iaft-5-eng.pdf.txt,t495
iaft-5-guide-eng.pdf.txt,"c(""t495"", ""c2"")"
iaft-5(dia)-guide-eng.pdf.txt,"c(""c2"", ""a3"", ""ia3"")"
iaft-6-eng.pdf.txt,t495
iaft-6-guide-eng.pdf.txt,t495
iaft-7-eng.pdf.txt,"c(""t495"", ""n6"", ""n3"")"
iaft-7-guide-eng.pdf.txt,t495
iaut1-eng.pdf.txt,c4
iaut1-guide-eng.pdf.txt,"c(""ut1"", ""iaut1"", ""c4"")"
iaut3-eng.pdf.txt,c4
jr1-eng.pdf.txt,"c(""n1"", ""jr1"", ""c4"")"
jr1-guidance-eng.pdf.txt,"c(""jr1"", ""c4"")"
jr2-eng.pdf.txt,"c(""jr2"", ""c4"")"
jrc1-eng.pdf.txt,"c(""jrc1"", ""c4"", ""c1"", ""c(f1)"")"
juror-charter-eng.pdf.txt,none detected
jury-summons-form-eng.pdf.txt,none detected
jury-summons-guide-eng.pdf.txt,none detected
loc002-eng.pdf.txt,"c(""n244"", ""n24"", ""n2"", ""loc002"", ""c2"")"
loc006-eng.pdf.txt,"c(""n1"", ""loc006"", ""c4"")"
loc009-eng.pdf.txt,"c(""loc009"", ""c4"")"
loc010-eng.pdf.txt,"c(""loc010"", ""c01"")"
loc014-eng.pdf.txt,"c(""loc014"", ""ex160a"", ""ex160"", ""c01"")"
lpa-008-eng.pdf.txt,none detected
lwfansau-cym.pdf.txt,none detected
mc100-bil.pdf.txt,"c(""mc100"", ""c100"", ""c1"", ""c10"", ""mc10"")"
mc100-chi.pdf.txt,"c(""mc100"", ""c100"", ""c1"", ""ex4"", ""ex45"", ""c10"", ""mc10"")"
mc100-cym.pdf.txt,"c(""mc100"", ""c100"", ""c1"", ""c10"", ""mc10"")"
mc100-cze.pdf.txt,"c(""mc100"", ""c100"", ""c1"", ""c10"", ""mc10"")"
mc100-eng.pdf.txt,"c(""mc100"", ""c100"", ""c1"", ""c10"", ""mc10"")"
mc100-gre.pdf.txt,"c(""mc100"", ""c100"", ""c1"", ""c10"", ""mc10"")"
mc100-guj.pdf.txt,"c(""mc100"", ""c100"", ""c1"", ""c10"", ""mc10"")"
mc100-hin.pdf.txt,"c(""mc100"", ""c100"", ""c1"", ""c10"", ""mc10"")"
mc100-hrv.pdf.txt,"c(""mc100"", ""c100"", ""c1"", ""c10"", ""mc10"")"
mc100-kur.pdf.txt,"c(""mc100"", ""c100"", ""c1"", ""c10"", ""mc10"")"
mc100-pol.pdf.txt,"c(""mc100"", ""c100"", ""c1"", ""c10"", ""d3"", ""mc10"")"
mc100-por.pdf.txt,"c(""mc100"", ""c100"", ""c1"", ""c10"", ""mc10"")"
mc100-pun.pdf.txt,"c(""mc100"", ""c100"", ""c1"", ""c10"", ""mc10"")"
mc100-spa.pdf.txt,"c(""mc100"", ""c100"", ""c1"", ""c10"", ""mc10"")"
mc100-srp.pdf.txt,"c(""mc100"", ""c100"", ""c1"", ""c10"", ""mc10"")"
mc100-tur.pdf.txt,"c(""mc100"", ""c100"", ""c1"", ""c10"", ""mc10"")"
mc100-urd.pdf.txt,"c(""mc100"", ""c100"", ""c1"", ""c10"", ""mc10"")"
mc100-zho.pdf.txt,"c(""t94"", ""n7"", ""mc100"", ""c100"", ""c4"", ""c1"", ""c10"", ""mc10"")"
mc102-eng.pdf.txt,"c(""mc102"", ""c1"", ""c10"", ""mc10"")"
mc150-bil.pdf.txt,"c(""mc150"", ""c15"", ""c1"", ""mc15"")"
mc150-eng.pdf.txt,none detected
mcol-guide-eng.pdf.txt,"c(""t38"", ""n279"", ""n244"", ""n225a"", ""n225"", ""n215"", ""n24"", ""n2"", ""n1"", ""ex350"", ""ex345"", ""ex322"", ""ex321"", ""ex306"", ""ex304"", ""ex305"", ""ex301"", ""ex160a"", ""ex160"", ""ex50"", ""a2"", ""n21"", ""n27"", ""ex3"")"
mps-expenses-notice-of-appeal-eng.pdf.txt,b1
mynd-i-lys-ynadon-cym.pdf.txt,none detected
n1-bil.pdf.txt,none detected
n1-eng.pdf.txt,n1
n1(cc)-eng.pdf.txt,"c(""n1"", ""c2"")"
n1(ccfl)-eng.pdf.txt,"c(""n1"", ""c4"")"
n1(chfl)-eng.pdf.txt,"c(""n1"", ""c4"")"
n1(fd)-bil.pdf.txt,n1
n11-bil.pdf.txt,none detected
n11-eng.pdf.txt,"c(""n11"", ""n1"")"
n110a-cym.pdf.txt,"c(""n110a"", ""n11"", ""n1"", ""n110"")"
n110a-eng.pdf.txt,"c(""n110a"", ""n11"", ""n1"", ""n110"")"
n117-bil.pdf.txt,"c(""n117"", ""n11"", ""n1"")"
n117-cym.pdf.txt,none detected
n117-eng.pdf.txt,"c(""n117"", ""n11"", ""n1"")"
n119-bil.pdf.txt,"c(""n119"", ""n11"", ""n1"")"
n119-eng.pdf.txt,"c(""n119"", ""n11"", ""n1"")"
n119a-bil.pdf.txt,none detected
n119a-eng.pdf.txt,"c(""n119"", ""n119a"", ""n11"", ""n1"")"
n11b-bil.pdf.txt,"c(""te7"", ""n11b"", ""n11"", ""n1"", ""a1"", ""n10"", ""n11(b)"")"
n11b-eng.pdf.txt,"c(""n11b"", ""n11"", ""n1"", ""a1"", ""n11(b)"")"
n11d-bil.pdf.txt,"c(""n11d"", ""n11"", ""n1"")"
n11d-eng.pdf.txt,none detected
n11m-bil.pdf.txt,none detected
n11m-eng.pdf.txt,"c(""n11m"", ""n11"", ""n1"", ""d1"", ""d18"")"
n11r-bil.pdf.txt,none detected
n11r-eng.pdf.txt,"c(""n11r"", ""n11"", ""n1"", ""d1"", ""d19"")"
n120-bil.pdf.txt,none detected
n120-eng.pdf.txt,"c(""n120"", ""n1"")"
n121-bil.pdf.txt,none detected
n121-eng.pdf.txt,"c(""n121"", ""n1"")"
n122-bil.pdf.txt,"c(""n122"", ""n1"", ""d1"")"
n122-eng.pdf.txt,"c(""te7"", ""n122"", ""n1"")"
n123-eng.pdf.txt,"c(""n123"", ""n1"")"
n130-bil.pdf.txt,none detected
n130-eng.pdf.txt,"c(""te9"", ""n130"", ""n1"")"
n133-bil.pdf.txt,none detected
n133-eng.pdf.txt,none detected
n139-eng.pdf.txt,"c(""n139"", ""n1"")"
n142-eng.pdf.txt,"c(""n142"", ""n1"")"
n143-eng.pdf.txt,"c(""n143"", ""n1"")"
n149-bil.pdf.txt,"c(""n149"", ""n15"", ""n1"", ""n152"")"
n149a-eng.pdf.txt,"c(""n180"", ""n149"", ""n149a"", ""n1"", ""ex50"", ""c1"")"
n149b-eng.pdf.txt,"c(""n181"", ""n149b"", ""n149"", ""n1"", ""ex50"")"
n149c-eng.pdf.txt,"c(""n181"", ""n149c"", ""n149"", ""n1"", ""ex50"")"
n15-bil.pdf.txt,none detected
n15-eng.pdf.txt,"c(""n15"", ""n1"")"
n150-bil.pdf.txt,"c(""pf52"", ""pf5"", ""n150"", ""n15"", ""n1"", ""ex305"", ""ex3"", ""d3"")"
n151-bil.pdf.txt,"c(""n151"", ""n15"", ""n1"")"
n154-eng.pdf.txt,"c(""n154"", ""n15"", ""n1"", ""ex305"", ""ex3"")"
n155-eng.pdf.txt,"c(""n155"", ""n15"", ""n1"", ""ex305"", ""ex3"")"
n157-eng.pdf.txt,"c(""n157"", ""n15"", ""n1"", ""ex306"", ""ex3"")"
n159-eng.pdf.txt,"c(""n159"", ""n15"", ""n1"")"
n16-eng.pdf.txt,"c(""n1"", ""n16"")"
n16(1)-eng.pdf.txt,"c(""n1"", ""n16"")"
n161-bil.pdf.txt,"c(""n161a"", ""n161"", ""n16(1)"", ""n1"", ""n16"")"
n161-eng.pdf.txt,"c(""n161a"", ""n161"", ""n16(1)"", ""n1"", ""n16"")"
n161a-bil.pdf.txt,"c(""n460"", ""n164"", ""n161a"", ""n161"", ""n16(1)"", ""n1"", ""ex340"", ""n16"", ""n46"", ""ex3"")"
n161a-cym.pdf.txt,"c(""n460"", ""n244"", ""n161a"", ""n161"", ""n24"", ""n16(1)"", ""n2"", ""n1"", ""n16"", ""c2"", ""n46"")"
n161a-eng.pdf.txt,"c(""n460hc"", ""n460"", ""n244"", ""n164"", ""n161a"", ""n161"", ""n24"", ""n16(1)"", ""n2"", ""n1"", ""fp161"", ""fp1"", ""ex340"", ""n16"", ""c2"", ""n46"", ""ex3"", ""fp16"")"
n161b-bil.pdf.txt,none detected
n161b-eng.pdf.txt,"c(""n163"", ""n162"", ""n161b"", ""n161"", ""n16(1)"", ""n1"", ""n16"", ""c2"")"
n161c-bil.pdf.txt,"c(""n161a"", ""n161"", ""n16(1)"", ""n1"", ""n16"")"
n161c-eng.pdf.txt,"c(""n161c"", ""n161a"", ""n161"", ""n16(1)"", ""n2"", ""n1"", ""n16"")"
n161d-cym.pdf.txt,none detected
n161d-eng.pdf.txt,"c(""n244"", ""n161d"", ""n161"", ""n24"", ""n16(1)"", ""n2"", ""n1"", ""fp201"", ""fp161a"", ""fp161"", ""fp2"", ""fp1"", ""ex340"", ""ex160"", ""n16"", ""c2"", ""ex3"", ""fp16"")"
n162-bil.pdf.txt,"c(""n162"", ""n1"", ""n16"")"
n162-eng.pdf.txt,"c(""n244"", ""n162"", ""n24"", ""n2"", ""n1"", ""n16"")"
n162a-bil.pdf.txt,"c(""n162"", ""n162a"", ""n1"", ""n16"")"
n162a-eng.pdf.txt,"c(""n162"", ""n162a"", ""n1"", ""n16"")"
n163-bil.pdf.txt,none detected
n164-bil.pdf.txt,"c(""n460"", ""n164"", ""n1"", ""n16"", ""n46"")"
n164-eng.pdf.txt,"c(""n460"", ""n164"", ""n1"", ""d6"", ""n16"", ""n46"")"
n16a-bil.pdf.txt,"c(""n16a"", ""n1"", ""n16"")"
n16a-eng.pdf.txt,"c(""n16a"", ""n1"", ""n16"")"
n170-bil.pdf.txt,"c(""n170"", ""n1"", ""a2"", ""n17"")"
n170-eng.pdf.txt,"c(""n170"", ""n1"", ""a2"", ""n17"")"
n172-eng.pdf.txt,"c(""n172"", ""n1"", ""n17"")"
n180-bil.pdf.txt,"c(""n180"", ""n149"", ""n149a"", ""n1"", ""ex342"", ""ex306"", ""d5"", ""c1"", ""a1"", ""ex3"", ""d1"", ""d3"", ""d4"")"
n180-eng.pdf.txt,"c(""n180"", ""n149"", ""n149a"", ""n1"", ""ex342"", ""ex306"", ""c1"", ""a1"", ""ex3"", ""d1"", ""d3"", ""d4"")"
n181-bil.pdf.txt,"c(""n263"", ""n181"", ""n2"", ""n1"", ""ex305"", ""b1"", ""n26"", ""ex3"", ""d1"", ""d3"", ""d4"")"
n181-eng.pdf.txt,"c(""n263"", ""n181"", ""n2"", ""n1"", ""ex305"", ""b1"", ""n26"", ""ex3"", ""d1"", ""d3"", ""d4"")"
n1a-bil.pdf.txt,"c(""n1a"", ""n1"")"
n1a-eng.pdf.txt,"c(""n1a"", ""n1"")"
n1c-bil.pdf.txt,"c(""n1c"", ""n1"")"
n1c-eng.pdf.txt,"c(""n1c"", ""n1"")"
n1c(cc)-eng.pdf.txt,"c(""n1c"", ""n1"")"
n1c(ccchfl)-eng.pdf.txt,"c(""n9"", ""n1c"", ""n1"", ""c4"")"
n1d-bil.pdf.txt,"c(""n9a"", ""n9c"", ""n9b"", ""n9d"", ""n9"", ""n1d"", ""n1"")"
n1d-eng.pdf.txt,"c(""n1d"", ""n1"")"
n1fd-eng.pdf.txt,"c(""n9c"", ""n9d"", ""n9"", ""n1"")"
n1sdt-eng.pdf.txt,"c(""n9a"", ""n9b"", ""n9"", ""n1sdt"", ""n1"")"
n2-bil.pdf.txt,none detected
n2-eng.pdf.txt,n2
n20-bil.pdf.txt,"c(""n20"", ""n2"")"
n20-eng.pdf.txt,"c(""n20"", ""n2"")"
n205a-eng.pdf.txt,"c(""n205a"", ""n20"", ""n2"")"
n205d-eng.pdf.txt,"c(""n205d"", ""n20"", ""n2"")"
n208-bil.pdf.txt,"c(""n208"", ""n20"", ""n2"")"
n208-eng.pdf.txt,"c(""n208"", ""n20"", ""n2"")"
n208(cc)-eng.pdf.txt,"c(""n208"", ""n20"", ""n2"", ""c2"")"
n208(ccfl)-eng.pdf.txt,"c(""n208"", ""n20"", ""n2"", ""c4"")"
n208(chfl)-eng.pdf.txt,"c(""n208"", ""n20"", ""n2"", ""c4"")"
n208a-bil.pdf.txt,none detected
n208a-eng.pdf.txt,"c(""n208"", ""n208a"", ""n20"", ""n2"")"
n208c-bil.pdf.txt,"c(""n208c"", ""n208"", ""n20"", ""n2"")"
n208c-eng.pdf.txt,"c(""n208c"", ""n208"", ""n20"", ""n2"")"
n208c(cc)-bil.pdf.txt,"c(""n208c"", ""n208"", ""n20"", ""n2"")"
n208c(cc)-eng.pdf.txt,"c(""n208c"", ""n208"", ""n20"", ""n2"")"
n208pc-eng.pdf.txt,"c(""n208pc"", ""n208"", ""n20"", ""n2"")"
n209a-eng.pdf.txt,"c(""n209a"", ""n20"", ""n2"", ""n209"")"
n210-bil.pdf.txt,"c(""n210"", ""n2"", ""n21"")"
n210-eng.pdf.txt,"c(""n210"", ""n2"", ""n21"")"
n210(cc)-eng.pdf.txt,"c(""n210"", ""n2"", ""c2"", ""n21"")"
n210(ccfl)-eng.pdf.txt,"c(""n210"", ""n2"", ""c4"", ""n21"")"
n210(chfl)-eng.pdf.txt,"c(""n210"", ""n2"", ""c4"", ""n21"")"
n210a-bil.pdf.txt,none detected
n210a-eng.pdf.txt,"c(""n210a"", ""n210"", ""n2"", ""n21"")"
n210b-eng.pdf.txt,"c(""n210b"", ""n210"", ""n2"", ""n21"")"
n210c-eng.pdf.txt,"c(""n210c"", ""n210"", ""n2"", ""n21"")"
n210pc-eng.pdf.txt,"c(""n464"", ""n210pc"", ""n210"", ""n2"", ""n21"", ""n46"")"
n211-bil.pdf.txt,none detected
n211-eng.pdf.txt,"c(""n211"", ""n2"", ""n21"")"
n211(cc)-eng.pdf.txt,"c(""n211"", ""n2"", ""c2"", ""n21"")"
n211(ccfl)-eng.pdf.txt,"c(""n211"", ""n2"", ""c4"", ""n21"")"
n211(chfl)-eng.pdf.txt,"c(""n211"", ""n2"", ""c4"", ""n21"")"
n211a-eng.pdf.txt,"c(""n211"", ""n211a"", ""n2"", ""n21"")"
n211c-bil.pdf.txt,none detected
n211c-eng.pdf.txt,"c(""n244"", ""n213"", ""n211c"", ""n211"", ""n24"", ""n9a"", ""n9c"", ""n9b"", ""n9d"", ""n9"", ""n2"", ""n21"")"
n211c(cc)-eng.pdf.txt,"c(""n211c"", ""n211"", ""n2"", ""n21"")"
n211c(cc)-nodiadau-cym.pdf.txt,"c(""n211c"", ""n211"", ""n2"", ""n21"")"
n213-bil.pdf.txt,"c(""n213"", ""n3"", ""n2"", ""n21"")"
n213-eng.pdf.txt,"c(""n213"", ""n2"", ""n21"")"
n213(cc)-bil.pdf.txt,none detected
n213(cc)-eng.pdf.txt,"c(""n213"", ""n2"", ""c2"", ""n21"")"
n213(ccfl)-eng.pdf.txt,"c(""n213"", ""n2"", ""c4"", ""n21"")"
n213(chfl)-eng.pdf.txt,"c(""n213"", ""n2"", ""c4"", ""n21"")"
n215-bil.pdf.txt,"c(""n215"", ""n2"", ""n21"")"
n215-eng.pdf.txt,"c(""n215"", ""n2"", ""n21"")"
n215pc-eng.pdf.txt,"c(""n215"", ""n2"", ""n21"")"
n218-bil.pdf.txt,none detected
n218-eng.pdf.txt,"c(""n218"", ""n2"", ""n21"")"
n219-eng.pdf.txt,none detected
n219a-eng.pdf.txt,none detected
n224-bil.pdf.txt,none detected
n224-eng.pdf.txt,"c(""n224"", ""n2"")"
n225-bil.pdf.txt,"c(""n225"", ""n2"")"
n225-eng.pdf.txt,"c(""n225"", ""n9a"", ""n9"", ""n2"")"
n225a-eng.pdf.txt,"c(""n225a"", ""n225"", ""n9a"", ""n9b"", ""n9"", ""n2"")"
n226-eng.pdf.txt,"c(""n226"", ""n2"")"
n227-bil.pdf.txt,none detected
n227-eng.pdf.txt,"c(""n227"", ""n2"")"
n228-cym.pdf.txt,none detected
n228-eng.pdf.txt,"c(""n228"", ""n2"")"
n235-bil.pdf.txt,none detected
n235-eng.pdf.txt,"c(""n235"", ""n2"")"
n24-eng.pdf.txt,"c(""n24"", ""n2"")"
n242-bil.pdf.txt,none detected
n242-eng.pdf.txt,"c(""n242a"", ""n242"", ""n24"", ""n2"", ""5017"")"
n242a-bil.pdf.txt,"c(""n242a"", ""n242"", ""n24"", ""n2"")"
n242a-eng.pdf.txt,"c(""n242a"", ""n242"", ""n24"", ""n2"")"
n244-bil.pdf.txt,"c(""t11"", ""n244"", ""n24"", ""n11"", ""n2"", ""n1"", ""d8"", ""n244notes"", ""d1"")"
n244-eng.pdf.txt,"c(""n244"", ""n24"", ""n2"", ""n244a"", ""n244notes"")"
n244-nodiadau-n244-notes-bil.pdf.txt,"c(""n244"", ""n24"", ""n2"")"
n244-notes-eng.pdf.txt,"c(""n244"", ""n24"", ""n2"", ""ex160a"", ""ex160"")"
n244(cc)-eng.pdf.txt,"c(""n244"", ""n24"", ""n2"")"
n244(ccfl)-eng.pdf.txt,"c(""n244"", ""n24"", ""n2"", ""c4"")"
n244(chfl)-eng.pdf.txt,"c(""n244"", ""n24"", ""n2"", ""c4"")"
n245-bil.pdf.txt,"c(""n245"", ""n24"", ""n2"", ""d1"", ""d12"")"
n245-eng.pdf.txt,"c(""n245"", ""n24"", ""n2"")"
n251-bil.pdf.txt,"c(""n251"", ""n2"")"
n251-eng.pdf.txt,"c(""n251"", ""n2"")"
n252-eng.pdf.txt,"c(""n252"", ""n2"")"
n253-bil.pdf.txt,none detected
n253a-eng.pdf.txt,"c(""n253a"", ""n253"", ""n2"", ""d4"", ""d47"")"
n254-eng.pdf.txt,"c(""n254"", ""n2"")"
n255(cc)-cym.pdf.txt,none detected
n255(cc)-eng.pdf.txt,"c(""n2"", ""n255"")"
n255(hc)-cym.pdf.txt,none detected
n255(hc)-eng.pdf.txt,"c(""n255(hc)"", ""n2"", ""n255"")"
n256(cc)-cym.pdf.txt,none detected
n256(cc)-eng.pdf.txt,"c(""n2"", ""n256"")"
n256(hc)-eng.pdf.txt,"c(""n2"", ""n256"")"
n258-bil.pdf.txt,none detected
n258-eng.pdf.txt,"c(""n258"", ""n2"")"
n258a-bil.pdf.txt,none detected
n258a-eng.pdf.txt,"c(""n258a"", ""n258"", ""n2"")"
n258b-bil.pdf.txt,none detected
n258b-eng.pdf.txt,"c(""n258b"", ""n258"", ""n2"")"
n258c-bil.pdf.txt,none detected
n258c-eng.pdf.txt,"c(""n258c"", ""n258"", ""n2"")"
n259-eng.pdf.txt,"c(""n259"", ""n2"")"
n260-bil.pdf.txt,none detected
n260-eng.pdf.txt,"c(""n260"", ""n2"", ""n26"", ""d4"", ""d44"")"
n261-eng.pdf.txt,"c(""n261"", ""n2"", ""n26"")"
n263-eng.pdf.txt,"c(""n263"", ""n264"", ""n2"", ""n26"", ""d4"")"
n265-bil.pdf.txt,none detected
n265-eng.pdf.txt,none detected
n265(cc)-eng.pdf.txt,none detected
n265(ccfl)-eng.pdf.txt,"c(""n265"", ""n2"", ""n26"")"
n265(chfl)-eng.pdf.txt,"c(""n265"", ""n2"", ""n26"")"
n266-eng.pdf.txt,"c(""n266"", ""n2"", ""n26"")"
n268-eng.pdf.txt,"c(""n268"", ""n2"", ""n26"")"
n270-cym.pdf.txt,none detected
n270-eng.pdf.txt,"c(""n270"", ""n92"", ""n9"", ""n2"", ""n27"")"
n279-eng.pdf.txt,"c(""n279"", ""n2"", ""n27"")"
n285-bil.pdf.txt,"c(""n285"", ""n2"", ""n28"")"
n285-eng.pdf.txt,"c(""n285"", ""n2"", ""n28"")"
n292-eng.pdf.txt,"c(""n292"", ""n2"", ""n29"")"
n293a-bil.pdf.txt,none detected
n293a-eng.pdf.txt,"c(""n293a"", ""n2"", ""c2"", ""n29"", ""n293"")"
n294-bil.pdf.txt,none detected
n294-eng.pdf.txt,"c(""n294"", ""n2"", ""n29"")"
n2a-bil.pdf.txt,"c(""n2a"", ""n2"")"
n2a-eng.pdf.txt,"c(""n2a"", ""n2"")"
n2b-eng.pdf.txt,"c(""n2b"", ""n2"")"
n3-bil.pdf.txt,none detected
n3-eng.pdf.txt,n3
n30-eng.pdf.txt,"c(""n30"", ""n3"")"
n30(ch)-eng.pdf.txt,"c(""n30"", ""n3"")"
n316-bil.pdf.txt,none detected
n316-cym.pdf.txt,"c(""n316"", ""n3"", ""ex140"", ""n31"")"
n316-eng.pdf.txt,"c(""n316"", ""n3"", ""ex140"", ""n31"")"
n316a-bil.pdf.txt,"c(""n316"", ""n316a"", ""n6"", ""n3"", ""ex141"", ""n31"")"
n316a-eng.pdf.txt,"c(""n316"", ""n316a"", ""n3"", ""ex141"", ""n31"")"
n322a-bil.pdf.txt,"c(""n322a"", ""n3"", ""n32"", ""n32(2)"", ""n322"")"
n322a-eng.pdf.txt,"c(""n322a"", ""n3"", ""n32"", ""n32(2)"", ""n322"")"
n322a-guidance-notes-eng.pdf.txt,"c(""n322a"", ""n3"", ""n32"", ""n32(2)"", ""n322"")"
n322a-nodiadau-n322a-notes-bil.pdf.txt,"c(""n322a"", ""n3"", ""n32"", ""n32(2)"", ""n322"", ""d7"")"
n322b-bil.pdf.txt,"c(""n322b"", ""n322a"", ""n3"", ""n32"", ""n32(2)"", ""n322"")"
n322b-eng.pdf.txt,"c(""n322b"", ""n322a"", ""n3"", ""n32"", ""n32(2)"", ""n322"")"
n322b-guidance-notes-eng.pdf.txt,"c(""n322b"", ""n3"", ""n32"", ""n32(2)"", ""n322"")"
n322b-nodiadau-n322b-notes-bil.pdf.txt,"c(""n322b"", ""n3"", ""n32"", ""n32(2)"", ""n322"", ""d7"")"
n323-bil.pdf.txt,"c(""n323"", ""n3"", ""n32"", ""n32(3)"")"
n323-eng.pdf.txt,"c(""n323"", ""n3"", ""n32"", ""n32(3)"")"
n324-bil.pdf.txt,none detected
n324-eng.pdf.txt,"c(""n324"", ""n3"", ""n32"", ""n32(4)"")"
n325-bil.pdf.txt,"c(""n325"", ""n3"", ""n32"", ""n32(5)"", ""d1"", ""d3"")"
n325-eng.pdf.txt,"c(""n325"", ""n3"", ""n32"", ""n32(5)"")"
n325a-eng.pdf.txt,"c(""n325a"", ""n325"", ""n3"", ""n32"", ""n32(5)"")"
n336-bil.pdf.txt,none detected
n336-eng.pdf.txt,"c(""n336"", ""n3"", ""n33"")"
n337-bil.pdf.txt,"c(""n337"", ""n3"", ""n33"")"
n337-eng.pdf.txt,"c(""n337"", ""n3"", ""n33"")"
n342-bil.pdf.txt,none detected
n342-eng.pdf.txt,"c(""n342"", ""n3"", ""d6"", ""n34"", ""d4"")"
n344-eng.pdf.txt,"c(""n500"", ""n344"", ""n5"", ""n3"", ""n34"", ""n50"", ""d4"")"
n349-bil.pdf.txt,none detected
n349-eng.pdf.txt,"c(""n349"", ""n3"", ""n34"")"
n379-bil.pdf.txt,"c(""n379"", ""n3"", ""ex325"", ""ex160"", ""n37"", ""ex3"")"
n379-eng.pdf.txt,"c(""n379"", ""n3"", ""ex325"", ""ex160"", ""n37"", ""ex3"")"
n380-cym.pdf.txt,"c(""n380"", ""n3"", ""ex325"", ""ex160"", ""n38"", ""ex3"")"
n380-eng.pdf.txt,"c(""n380"", ""n3"", ""ex325"", ""ex160"", ""n38"", ""ex3"")"
n39-eng.pdf.txt,"c(""n39"", ""n3"")"
n434-bil.pdf.txt,none detected
n434-eng.pdf.txt,n434
n440-bil.pdf.txt,none detected
n440-eng.pdf.txt,n440
n441-bil.pdf.txt,none detected
n441-eng.pdf.txt,n441
n443-bil.pdf.txt,none detected
n443-eng.pdf.txt,n443
n445-bil.pdf.txt,"c(""n445"", ""d4"")"
n445-eng.pdf.txt,n445
n446-bil.pdf.txt,none detected
n446-eng.pdf.txt,n446
n460-eng.pdf.txt,"c(""n460"", ""n46"")"
n460hc-eng.pdf.txt,"c(""n460hc"", ""n460"", ""n46"")"
n461-bil.pdf.txt,"c(""n461"", ""n46"")"
n461-eng.pdf.txt,"c(""n463"", ""n461"", ""d6"", ""n46"")"
n461-nodiadau-n461-notes-bil.pdf.txt,"c(""n461"", ""n46"", ""n461notes"")"
n461-notes-eng.pdf.txt,"c(""n461"", ""n46"", ""n461notes"")"
n461pc-eng.pdf.txt,"c(""n463"", ""n463pc"", ""n461pc"", ""n461"", ""d6"", ""n46"")"
n462-bil.pdf.txt,none detected
n462-eng.pdf.txt,"c(""n462"", ""n464"", ""c2"", ""n46"")"
n462pc-eng.pdf.txt,"c(""n462"", ""n464"", ""n462pc"", ""n464pc"", ""c2"", ""n46"")"
n463-bil.pdf.txt,none detected
n463-eng.pdf.txt,"c(""n463"", ""n461"", ""n46"", ""5315"")"
n463pc-eng.pdf.txt,"c(""n463"", ""n463pc"", ""n461pc"", ""n461"", ""n46"", ""5315"")"
n464-bil.pdf.txt,"c(""n464"", ""d5"", ""n46"", ""d54"")"
n464-eng.pdf.txt,"c(""n464"", ""d5"", ""n46"", ""d54"")"
n464pc-eng.pdf.txt,"c(""n464"", ""n464pc"", ""d5"", ""n46"", ""d54"")"
n465-bil.pdf.txt,"c(""n465"", ""n464"", ""n46"")"
n465-eng.pdf.txt,"c(""n465"", ""n464"", ""n46"")"
n465pc-eng.pdf.txt,"c(""n465pc"", ""n465"", ""n464"", ""n464pc"", ""n46"")"
n471-bil.pdf.txt,n471
n471-eng.pdf.txt,n471
n471a-eng.pdf.txt,"c(""n471a"", ""n471"")"
n5-bil.pdf.txt,n5
n5-eng.pdf.txt,n5
n500-eng.pdf.txt,"c(""n500"", ""n5"", ""n50"")"
n500a-eng.pdf.txt,none detected
n500b-eng.pdf.txt,none detected
n501-eng.pdf.txt,none detected
n501a-eng.pdf.txt,none detected
n501b-eng.pdf.txt,none detected
n502-eng.pdf.txt,none detected
n503-eng.pdf.txt,none detected
n504-eng.pdf.txt,none detected
n510-bil.pdf.txt,"c(""n510"", ""n5"", ""n51"")"
n510-eng.pdf.txt,"c(""n510"", ""n5"", ""n1d"", ""n1"", ""n51"")"
n56-bil.pdf.txt,none detected
n56-eng.pdf.txt,"c(""t11"", ""n56"", ""n5"")"
n5a-bil.pdf.txt,none detected
n5a-eng.pdf.txt,"c(""n5a"", ""n5"")"
n5b-bil.pdf.txt,"c(""n11b"", ""n11"", ""n5b"", ""n5"", ""n1"", ""c1"", ""b1"", ""n11(b)"")"
n5b-eng.pdf.txt,"c(""n11b"", ""n11"", ""n5b"", ""n5"", ""n1"", ""c1"", ""b1"", ""a1"", ""n11(b)"")"
n5c-bil.pdf.txt,"c(""n5c"", ""n5"", ""b1"", ""a1"", ""d1"")"
n6-bil.pdf.txt,none detected
n6-eng.pdf.txt,n6
n67-eng.pdf.txt,"c(""n67"", ""n6"")"
n7-bil.pdf.txt,none detected
n7-eng.pdf.txt,n7
n77-eng.pdf.txt,none detected
n7a-bil.pdf.txt,none detected
n7a-eng.pdf.txt,"c(""n244"", ""n24"", ""n7a"", ""n7"", ""n2"")"
n7b-bil.pdf.txt,none detected
n7b-eng.pdf.txt,"c(""n244"", ""n24"", ""n7b"", ""n7"", ""n2"")"
n7d-bil.pdf.txt,none detected
n7d-eng.pdf.txt,"c(""n7d"", ""n7"")"
n8-eng.pdf.txt,n8
n86-eng.pdf.txt,"c(""n86"", ""n8"")"
n87-eng.pdf.txt,"c(""n87"", ""n8"")"
n8a-bil.pdf.txt,none detected
n8a-eng.pdf.txt,"c(""n15"", ""n8a"", ""n8"", ""n1"")"
n8b-bil.pdf.txt,"c(""n8b"", ""n8"")"
n8b-eng.pdf.txt,"c(""n8b"", ""n8"")"
n9-bil.pdf.txt,"c(""n9a"", ""n9c"", ""n9b"", ""n9d"", ""n9"")"
n9-eng.pdf.txt,"c(""n9a"", ""n9c"", ""n9b"", ""n9d"", ""n9"")"
n9(cc)-bil.pdf.txt,"c(""n9"", ""n5"", ""n3"", ""n2"")"
n9(cc)-eng.pdf.txt,"c(""n9"", ""n5"")"
n9(ccch)-eng.pdf.txt,"c(""n9"", ""n5"")"
n9(ccfl)-eng.pdf.txt,"c(""n9"", ""n5"")"
n92-bil.pdf.txt,none detected
n92-eng.pdf.txt,"c(""n270"", ""n92"", ""n9"", ""n2"", ""n27"")"
n93-bil.pdf.txt,none detected
n93-eng.pdf.txt,"c(""n93"", ""n9"")"
n9a-bil.pdf.txt,none detected
n9a-eng.pdf.txt,"c(""n9a"", ""n9b"", ""n9"")"
n9b-bil.pdf.txt,"c(""n9b"", ""n9"")"
n9b-eng.pdf.txt,"c(""n9b"", ""n9"")"
n9c-bil.pdf.txt,none detected
n9c-eng.pdf.txt,"c(""n9c"", ""n9"", ""n2"")"
n9d-bil.pdf.txt,"c(""n9d"", ""n9"")"
n9d-eng.pdf.txt,"c(""n9d"", ""n9"")"
no.82-eng.pdf.txt,"c(""no.82"", ""n244"", ""n24"", ""n2"")"
no.97-eng.pdf.txt,"c(""n208"", ""n20"", ""n2"")"
notice-of-intention-to-pursue-an-appeal-eng.pdf.txt,none detected
pa1-bil.pdf.txt,"c(""t421"", ""t400"", ""pa3"", ""pa4"", ""pa2"", ""pa1"", ""pa1a"", ""d11"", ""d5"", ""d8"", ""d6"", ""c9"", ""c8"", ""c7"", ""c5"", ""c4"", ""c2"", ""c3"", ""c1"", ""b1"", ""a5"", ""a2"", ""a4"", ""a1"", ""c6"", ""c10"", ""c10a"", ""a3"", ""a6"", ""d1"", ""d3"", ""d4"", ""d7"", ""d12"")"
pa1-eng.pdf.txt,"c(""t421"", ""t400"", ""pa3"", ""pa4"", ""pa2"", ""pa1"", ""no.65"", ""c1"", ""a2"", ""a4"", ""a1"", ""a3"")"
pa10-cym.pdf.txt,"c(""pa9"", ""pa10"", ""pa8a"", ""pa8"", ""pa7a"", ""pa3"", ""pa5"", ""pa4"", ""pa7"", ""pa6"", ""pa2"", ""pa1"", ""pa1s"", ""pa1a"", ""pa1t"", ""a5"", ""a2"", ""a4"", ""a1"", ""a3"", ""a6"", ""a7"", ""a8"", ""a9"")"
pa1a-bil.pdf.txt,none detected
pa1s-bil.pdf.txt,"c(""pa1"", ""pa1s"", ""a1"")"
pa1s-eng.pdf.txt,"c(""pa1"", ""pa1s"", ""a1"")"
pa1t-bil.pdf.txt,"c(""pa1"", ""pa1t"", ""a1"")"
pa2-cym.pdf.txt,"c(""t400"", ""pa9"", ""pa10"", ""pa8a"", ""pa8"", ""pa7a"", ""pa3"", ""pa4"", ""pa7"", ""pa2"", ""pa1"", ""pa1s"", ""pa1a"", ""pa1t"", ""n20"", ""n2"", ""a2"", ""a4"", ""a1"", ""n201"", ""a3"", ""a7"", ""a8"", ""a9"")"
pa2-eng.pdf.txt,"c(""t421"", ""t400"", ""pa97"", ""pa9"", ""pa10"", ""pa8a"", ""pa8"", ""pa7a"", ""pa3"", ""pa4"", ""pa7"", ""pa2"", ""pa1"", ""pa1s"", ""a2"", ""a4"", ""a1"", ""a3"", ""a7"", ""a8"", ""a9"")"
pa3-bil.pdf.txt,"c(""pa3"", ""a3"")"
pa3-eng.pdf.txt,"c(""pa3"", ""pa1"", ""ex160a"", ""ex160"", ""a1"", ""a3"")"
pa4-bil.pdf.txt,"c(""pa4"", ""pa2"", ""n2"", ""c1"", ""a2"", ""a4"")"
pa4-eng.pdf.txt,"c(""pa4"", ""n2"", ""c1"", ""a4"")"
pa5-cym.pdf.txt,"c(""t400"", ""pa9"", ""pa10"", ""pa8a"", ""pa8"", ""pa7a"", ""pa3"", ""pa5"", ""pa4"", ""pa7"", ""pa6"", ""pa2"", ""pa1"", ""pa1s"", ""pa1a"", ""a5"", ""a2"", ""a4"", ""a1"", ""a3"", ""a6"", ""a7"", ""a8"", ""a9"")"
pa5-eng.pdf.txt,"c(""t400"", ""pa9"", ""pa10"", ""pa8a"", ""pa8"", ""pa7a"", ""pa3"", ""pa5"", ""pa4"", ""pa7"", ""pa6"", ""pa2"", ""pa1"", ""pa1s"", ""pa1a"", ""a5"", ""a2"", ""a4"", ""a1"", ""a3"", ""a6"", ""a7"", ""a8"", ""a9"")"
pa6-cym.pdf.txt,"c(""t421"", ""pa9"", ""pa10"", ""pa8a"", ""pa8"", ""pa7a"", ""pa5"", ""pa4"", ""pa7"", ""pa6"", ""pa1"", ""pa1s"", ""a5"", ""a4"", ""a1"", ""a6"", ""a7"", ""a8"", ""a9"")"
pa7-cym.pdf.txt,"c(""pa9"", ""pa10"", ""pa8a"", ""pa8"", ""pa7a"", ""pa3"", ""pa5"", ""pa4"", ""pa7"", ""pa6"", ""pa2"", ""pa1"", ""pa1s"", ""pa1a"", ""c1"", ""a5"", ""a2"", ""a4"", ""a1"", ""a3"", ""a6"", ""a7"", ""a8"", ""a9"")"
pa7-eng.pdf.txt,"c(""pa9"", ""pa10"", ""pa8a"", ""pa8"", ""pa7a"", ""pa3"", ""pa5"", ""pa4"", ""pa7"", ""pa6"", ""pa2"", ""pa1"", ""pa1s"", ""pa1a"", ""c1"", ""a5"", ""a2"", ""a4"", ""a1"", ""a3"", ""a6"", ""a7"", ""a8"", ""a9"")"
pa7a-eng.pdf.txt,none detected
pa8-cym.pdf.txt,"c(""pa9"", ""pa10"", ""pa8a"", ""pa8"", ""pa7a"", ""pa3"", ""pa5"", ""pa4"", ""pa7"", ""pa6"", ""pa2"", ""pa1"", ""pa1s"", ""pa1a"", ""a5"", ""a2"", ""a4"", ""a1"", ""a3"", ""a6"", ""a7"", ""a8"", ""a9"")"
pa8-eng.pdf.txt,"c(""pa9"", ""pa10"", ""pa8a"", ""pa8"", ""pa7a"", ""pa3"", ""pa4"", ""pa7"", ""pa2"", ""pa1"", ""pa1s"", ""pa1a"", ""a2"", ""a4"", ""a1"", ""a3"", ""a7"", ""a8"", ""a9"")"
pa8a-eng.pdf.txt,"c(""pa8a"", ""pa8"", ""a8"")"
pa9-cym.pdf.txt,"c(""pa9"", ""pa10"", ""pa8a"", ""pa8"", ""pa7a"", ""pa3"", ""pa5"", ""pa4"", ""pa7"", ""pa6"", ""pa2"", ""pa1"", ""pa1s"", ""pa1a"", ""a5"", ""a2"", ""a4"", ""a1"", ""a3"", ""a6"", ""a7"", ""a8"", ""a9"")"
pc001-(birmingham)-eng.pdf.txt,ex160
pc001-(cardiff)-eng.pdf.txt,"c(""ex160"", ""c(f1)"")"
pc001-(leeds)-eng.pdf.txt,ex160
pc001-(london)-eng.pdf.txt,"c(""ex160"", ""c2"", ""c3"", ""c32"")"
pc001-(manchester)-eng.pdf.txt,ex160
pcpf244-eng.pdf.txt,none detected
pf120a-eng.pdf.txt,"c(""pf120a"", ""pf1"")"
pf49-eng.pdf.txt,none detected
pf50-eng.pdf.txt,"c(""pf244"", ""pf52"", ""pf24"", ""pf2"", ""pf5"", ""n244"", ""n24"", ""n2"")"
pf9-eng.pdf.txt,"c(""n244"", ""n24"", ""n2"")"
phl-guide-eng.pdf.txt,"c(""c4"", ""c(f1)"")"
pl1-eng.pdf.txt,pl1
pl2-eng.pdf.txt,pl2
plo5-eng.pdf.txt,none detected
plo6-eng.pdf.txt,plo6
poac1-eng.pdf.txt,"c(""poac1"", ""c1"")"
ppf-bil.pdf.txt,b1
ppf1-bil.pdf.txt,"c(""ppf1"", ""pf1"")"
ppf2-bil.pdf.txt,"c(""ppf2"", ""pf2"", ""a2"", ""a25"")"
remo-20-eng.pdf.txt,"c(""remo20"", ""c2"", ""remo2"")"
remo-7-eng.pdf.txt,none detected
remo-7-notes-eng.pdf.txt,c2
remo-8-eng.pdf.txt,none detected
remo-8-notes-eng.pdf.txt,c2
remo20-cym.pdf.txt,"c(""remo20"", ""c2"", ""remo2"")"
rent-3-eng.pdf.txt,none detected
rta1-eng.pdf.txt,"c(""rta1"", ""b1"", ""a1"")"
rta2-eng.pdf.txt,"c(""rta2"", ""a2"")"
rta3-eng.pdf.txt,"c(""rta3"", ""a3"")"
rta4-eng.pdf.txt,"c(""rta4"", ""a4"")"
rta5-eng.pdf.txt,"c(""rta5"", ""a5"")"
rta6-rta-7-eng.pdf.txt,"c(""rta6"", ""a6"", ""a7"")"
scco-eng.pdf.txt,"c(""n258"", ""n254"", ""n252"", ""n2"", ""n255"")"
secure-data-transfer-eng.pdf.txt,none detected
send1-eng.pdf.txt,"c(""send1"", ""n7"", ""n1"", ""cb1"", ""c4"", ""c2"", ""c1"", ""b1"", ""n19"", ""a9"", ""d1"", ""5050"", ""5142"")"
send10-eng.pdf.txt,"c(""send10"", ""send1"", ""c2"", ""c29"", ""d1"")"
send11-eng.pdf.txt,none detected
send11yp-eng.pdf.txt,"c(""send11yp"", ""send11"", ""send7"", ""send1"", ""d11"", ""d1"", ""d7"")"
send12-eng.pdf.txt,none detected
send14-eng.pdf.txt,"c(""send14"", ""send1"", ""d1"", ""d14"")"
send15-eng.pdf.txt,"c(""send17"", ""send15"", ""send16"", ""send1"", ""d1"", ""d15"")"
send15a-eng.pdf.txt,"c(""send17"", ""send15"", ""send15a"", ""send1"", ""d1"", ""d15"")"
send15ayp-eng.pdf.txt,"c(""send15"", ""send15a"", ""send15ayp"", ""send1"", ""d1"", ""d15"")"
send15yp-eng.pdf.txt,"c(""send15"", ""send15yp"", ""send16"", ""send1"", ""d1"", ""d15"")"
send16-eng.pdf.txt,"c(""send17"", ""send16"", ""send1"", ""d6"", ""d1"", ""d64"")"
send16a-eng.pdf.txt,"c(""send17"", ""send15"", ""send15a"", ""send16"", ""send16a"", ""send1"", ""d1"", ""d15"")"
send17-eng.pdf.txt,"c(""send17"", ""send15"", ""send15a"", ""send16"", ""send16a"", ""send1"", ""d1"", ""d15"")"
send18-eng.pdf.txt,"c(""send18"", ""send1"", ""d1"", ""d18"")"
send1a-eng.pdf.txt,"c(""send1a"", ""send1"", ""d1"")"
send2-eng.pdf.txt,"c(""n5"", ""n2"", ""n1"")"
send20-eng.pdf.txt,"c(""send20c"", ""send20a"", ""send20b"", ""send20"", ""send2"", ""d20"")"
send20a-eng.pdf.txt,"c(""send20a"", ""send20"", ""send2"", ""d20"")"
send20b-eng.pdf.txt,"c(""send20b"", ""send20"", ""send2"", ""d20"")"
send20c-eng.pdf.txt,"c(""send20c"", ""send20"", ""send2"", ""d20"")"
send21-eng.pdf.txt,"c(""send21"", ""send2"", ""d21"")"
send22-eng.pdf.txt,"c(""send22"", ""send2"", ""a4"")"
send23-eng.pdf.txt,"c(""send23"", ""send2"", ""d23"")"
send24-eng.pdf.txt,"c(""send24a"", ""send24"", ""send2"", ""send1a"", ""send1"", ""d1"", ""d24"")"
send24a-eng.pdf.txt,"c(""send24a"", ""send24"", ""send2"", ""d24"")"
send24b-eng.pdf.txt,"c(""send24"", ""send24b"", ""send2"", ""d24"")"
send25-eng.pdf.txt,"c(""send25"", ""send2"", ""n7"", ""n1"", ""cb1"", ""c4"", ""c2"", ""c1"", ""b1"", ""n19"", ""a9"", ""d25"", ""5050"", ""5142"")"
send26a-eng.pdf.txt,"c(""send26a"", ""send2"", ""d26"")"
send26b-eng.pdf.txt,"c(""send26b"", ""send2"", ""d26"")"
send27-eng.pdf.txt,"c(""send27"", ""send2"")"
send28-eng.pdf.txt,"c(""send28"", ""send2"")"
send28a-eng.pdf.txt,"c(""send28"", ""send28a"", ""send2"")"
send28b-eng.pdf.txt,"c(""send28"", ""send28b"", ""send2"")"
send3-eng.pdf.txt,c4
send30-eng.pdf.txt,"c(""send30"", ""send3"", ""d3"", ""d30"")"
send4-eng.pdf.txt,"c(""send4"", ""d4"")"
send4a-eng.pdf.txt,"c(""send4a"", ""send4"", ""d4"")"
send4b-eng.pdf.txt,"c(""send4b"", ""send4"", ""d4"")"
send5-eng.pdf.txt,"c(""send5"", ""d5"")"
send6-eng.pdf.txt,none detected
send7-eng.pdf.txt,"c(""send7"", ""d7"")"
send8-eng.pdf.txt,"c(""send8"", ""d8"")"
send9-eng.pdf.txt,send9
sscs1-(large-print)-eng.pdf.txt,"c(""sscs3"", ""sscs2"", ""sscs1a"", ""sscs1"", ""d1"", ""bd1"")"
sscs1-(print-bras)-cym.pdf.txt,"c(""sscs3"", ""sscs2"", ""sscs1a"", ""sscs1"", ""d1"", ""bd1"")"
sscs1-cym.pdf.txt,"c(""sscs3"", ""sscs2"", ""sscs1a"", ""sscs1"", ""d1"", ""bd1"")"
sscs1-eng.pdf.txt,"c(""sscs3"", ""sscs2"", ""sscs1a"", ""sscs1"", ""d1"", ""bd1"")"
sscs1a-(large-print)-eng.pdf.txt,"c(""sscs3"", ""sscs2"", ""sscs1a"", ""sscs1"", ""c2"", ""d1"", ""bd1"")"
sscs1a-cym.pdf.txt,"c(""sscs3"", ""sscs2"", ""sscs1a"", ""sscs1"", ""d1"", ""bd1"")"
sscs1a-eng.pdf.txt,"c(""sscs3"", ""sscs2"", ""sscs1a"", ""sscs1"", ""c2"", ""d1"", ""bd1"")"
sscs2-(large-print)-eng.pdf.txt,"c(""sscs2"", ""sscs1a"", ""sscs1"", ""d1"", ""bd1"")"
sscs2-(print-bras)-cym.pdf.txt,"c(""sscs2"", ""sscs1a"", ""sscs1"", ""d1"", ""bd1"")"
sscs2-cym.pdf.txt,"c(""sscs2"", ""sscs1a"", ""sscs1"", ""d1"", ""bd1"")"
sscs2-eng.pdf.txt,"c(""sscs2"", ""sscs1a"", ""sscs1"", ""d1"", ""bd1"")"
sscs3-eng.pdf.txt,"c(""sscs3"", ""sscs2"", ""sscs1a"", ""sscs1"", ""d1"", ""bd1"")"
sscs4-eng.pdf.txt,"c(""sscs3"", ""sscs2"", ""sscs4"", ""sscs1a"", ""sscs1"", ""d1"", ""bd1"")"
sscs5-eng.pdf.txt,"c(""sscs5"", ""sscs5a"", ""d1"", ""bd1"")"
sscs5a-eng.pdf.txt,"c(""sscs5"", ""sscs5a"", ""d1"", ""bd1"")"
sscs6-cym.pdf.txt,"c(""sscs6a"", ""sscs6"", ""d1"", ""bd1"")"
sscs6-eng.pdf.txt,"c(""sscs6a"", ""sscs6"", ""d1"", ""bd1"")"
sscs6a-cym.pdf.txt,"c(""sscs6a"", ""sscs6"", ""d1"", ""bd1"")"
sscs6a-eng.pdf.txt,"c(""sscs6a"", ""sscs6"", ""d1"", ""bd1"")"
t001-cym.pdf.txt,"c(""t001"", ""c1"")"
t001-eng.pdf.txt,"c(""t001"", ""ex343"", ""c1"", ""ex3"")"
t002-cym.pdf.txt,t002
t002-eng.pdf.txt,t002
t003-eng.pdf.txt,t003
t005-cym.pdf.txt,t005
t005-eng.pdf.txt,t005
t006-cym.pdf.txt,"c(""t006"", ""t002"")"
t006-eng.pdf.txt,t006
t03-eng.pdf.txt,"c(""t03"", ""c4"")"
t04-eng.pdf.txt,"c(""t04"", ""c4"")"
t10-eng.pdf.txt,"c(""t10"", ""n7"", ""n2"", ""c4"", ""n72"")"
t108-eng.pdf.txt,"c(""t108a"", ""t108"", ""t10"", ""n9"", ""n3"", ""n2"", ""n1"", ""c4"", ""n10"", ""n28"", ""c(f1)"")"
t108a-eng.pdf.txt,"c(""t108a"", ""t108"", ""t10"", ""b1"", ""a2"", ""a1"")"
t108b-eng.pdf.txt,"c(""t108"", ""t10"")"
t11-eng.pdf.txt,t11
t112-eng.pdf.txt,"c(""t112"", ""t11"")"
t114-eng.pdf.txt,"c(""t114"", ""t11"")"
t116-notes-eng.pdf.txt,"c(""t116"", ""t11"", ""n1"")"
t117-eng.pdf.txt,"c(""t117"", ""t11"")"
t118-cym.pdf.txt,"c(""t118"", ""t12"", ""t11"")"
t118-eng.pdf.txt,"c(""t118"", ""t12"", ""t11"", ""n2"")"
t12-eng.pdf.txt,t12
t120-eng.pdf.txt,"c(""t120"", ""t12"")"
t121-eng.pdf.txt,"c(""t121"", ""t12"")"
t122-eng.pdf.txt,"c(""t122"", ""t12"")"
t123-eng.pdf.txt,"c(""t128"", ""t123"", ""t12"")"
t127-eng.pdf.txt,"c(""t127"", ""t12"")"
t129-eng.pdf.txt,"c(""t129"", ""t12"")"
t130-eng.pdf.txt,t130
t131-eng.pdf.txt,none detected
t132-eng.pdf.txt,none detected
t133-eng.pdf.txt,none detected
t134-eng.pdf.txt,none detected
t135-eng.pdf.txt,none detected
t136-eng.pdf.txt,none detected
t137-eng.pdf.txt,none detected
t138-eng.pdf.txt,none detected
t139-eng.pdf.txt,none detected
t140-eng.pdf.txt,none detected
t141-eng.pdf.txt,none detected
t142-eng.pdf.txt,none detected
t143-eng.pdf.txt,none detected
t144-eng.pdf.txt,none detected
t170-eng.pdf.txt,"c(""t170"", ""5013"")"
t171-eng.pdf.txt,"c(""t171"", ""5013"")"
t172-eng.pdf.txt,"c(""t172"", ""5013"")"
t173-eng.pdf.txt,"c(""t173"", ""5013"")"
t200-eng.pdf.txt,t200
t211-bil.pdf.txt,none detected
t239-eng.pdf.txt,"c(""t239"", ""b1"")"
t240-eng.pdf.txt,"c(""t240"", ""b1"")"
t241-eng.pdf.txt,"c(""t241"", ""b1"")"
t242-eng.pdf.txt,"c(""t242"", ""b1"")"
t243-eng.pdf.txt,t243
t244-eng.pdf.txt,t244
t245-eng.pdf.txt,"c(""t245"", ""b1"")"
t246-eng.pdf.txt,"c(""t246"", ""b1"")"
t247-eng.pdf.txt,t247
t248-eng.pdf.txt,t248
t249-eng.pdf.txt,t249
t251-eng.pdf.txt,"c(""t251"", ""b1"")"
t252-eng.pdf.txt,t252
t359-eng.pdf.txt,"c(""t359"", ""t35"")"
t36-eng.pdf.txt,"c(""t35"", ""t36"")"
t362-eng.pdf.txt,"c(""t362"", ""t36"", ""c4"")"
t37-eng.pdf.txt,t37
t370-eng.pdf.txt,"c(""t370"", ""t37"", ""c4"")"
t371-eng.pdf.txt,"c(""t371"", ""t37"", ""c4"")"
t372-eng.pdf.txt,"c(""t372"", ""t37"", ""c4"")"
t373-eng.pdf.txt,"c(""t373"", ""t37"", ""c4"")"
t374-eng.pdf.txt,"c(""t374"", ""t37"", ""c4"")"
t375-eng.pdf.txt,"c(""t375"", ""t37"", ""c4"")"
t379-eng.pdf.txt,"c(""t379"", ""t37"", ""c4"")"
t38-eng.pdf.txt,none detected
t381-eng.pdf.txt,"c(""t381"", ""t38"", ""c4"")"
t382-eng.pdf.txt,none detected
t383-eng.pdf.txt,none detected
t384-eng.pdf.txt,none detected
t385-eng.pdf.txt,"c(""t385"", ""t38"", ""c4"")"
t386-eng.pdf.txt,"c(""t386"", ""t38"", ""c4"")"
t399-eng.pdf.txt,"c(""t399"", ""c4"", ""c2"")"
t400-eng.pdf.txt,"c(""t400"", ""ftc3"", ""c4"", ""c2"", ""c3"")"
t412-eng.pdf.txt,"c(""t412"", ""c2"", ""c1"", ""5001"")"
t415-eng.pdf.txt,"c(""t415"", ""c1"")"
t420-cym.pdf.txt,"c(""t420"", ""n443"", ""n11"", ""n8"", ""n7"", ""n6"", ""n5"", ""n3"", ""n2"", ""n1c"", ""n1"", ""ex160a"", ""ex160"", ""et1"", ""ch41"", ""ch4"", ""ch1"", ""c2"", ""c1"", ""b1"", ""a20"", ""a2"", ""a1"", ""n19"", ""n21"", ""n29"", ""n31"", ""n38"", ""n41"", ""n46"", ""n54"", ""c10"", ""c(f1)"", ""d1"", ""d12"")"
t420-eng.pdf.txt,"c(""t420"", ""n443"", ""n11"", ""n8"", ""n7"", ""n3"", ""n2"", ""n1"", ""et1"", ""ch41"", ""ch4"", ""ch1"", ""c2"", ""b1"", ""a20"", ""a2"", ""a1"", ""n19"", ""n21"", ""n29"", ""n31"", ""n38"", ""n41"", ""n46"", ""d1"")"
t421-cym.pdf.txt,"c(""t421"", ""n5"", ""n2"", ""ex343"", ""c2"", ""b1"", ""n54"", ""ex3"", ""c(f1)"", ""d1"")"
t421-eng.pdf.txt,"c(""t424"", ""t421"", ""n2"", ""ex343"", ""c2"", ""b1"", ""ex3"", ""d1"")"
t422-cym.pdf.txt,"c(""t422"", ""n5"", ""n2"", ""ex343"", ""et1"", ""c2"", ""b1"", ""n54"", ""ex3"", ""c(f1)"", ""d1"")"
t422-eng.pdf.txt,"c(""t422"", ""n2"", ""ex343"", ""et1"", ""c2"", ""b1"", ""ex3"", ""d1"")"
t423-cym.pdf.txt,"c(""t423"", ""n5"", ""n2"", ""ex343"", ""et1"", ""c2"", ""b1"", ""n54"", ""ex3"", ""c(f1)"", ""d1"")"
t423-eng.pdf.txt,"c(""t423"", ""ex343"", ""et1"", ""c2"", ""b1"", ""ex3"", ""d1"")"
t424-cym.pdf.txt,"c(""t424"", ""n5"", ""n2"", ""ex343"", ""c2"", ""b1"", ""n54"", ""ex3"", ""c(f1)"", ""d1"")"
t424-eng.pdf.txt,"c(""t424"", ""ex343"", ""ex3"")"
t425-cym.pdf.txt,"c(""t425"", ""n5"", ""n2"", ""ex160a"", ""ex160"", ""c2"", ""b1"", ""n54"", ""c(f1)"", ""d1"")"
t425-eng.pdf.txt,t425
t426-cym.pdf.txt,"c(""t426"", ""n5"", ""n2"", ""ex727"", ""ex328"", ""c4"", ""c2"", ""b1"", ""n54"", ""ex3"", ""ex7"", ""ex72"", ""c(f1)"", ""d1"")"
t426-eng.pdf.txt,"c(""t440"", ""t426"", ""ex727"", ""ex328"", ""c4"", ""ex3"", ""ex7"", ""ex72"")"
t434-eng.pdf.txt,t434
t439-eng.pdf.txt,"c(""tsf4"", ""t439"")"
t440-eng.pdf.txt,"c(""t440"", ""et3"", ""et1"", ""c4"")"
t443-eng.pdf.txt,none detected
t444-eng.pdf.txt,"c(""et3"", ""et1"")"
t445-eng.pdf.txt,none detected
t450-cym.pdf.txt,"c(""t450"", ""t455"", ""ex160a"", ""ex160"", ""a2"")"
t450-eng.pdf.txt,"c(""t450"", ""t455"", ""n7"", ""ex160a"", ""ex160"")"
t451-cym.pdf.txt,"c(""t466"", ""t467"", ""t468"", ""t451"", ""ex160a"", ""ex160"")"
t451-eng.pdf.txt,"c(""t466"", ""t467"", ""t468"", ""t451"", ""ex160a"", ""ex160"")"
t452-eng.pdf.txt,t452
t453-cym.pdf.txt,"c(""t453"", ""d6"")"
t453-eng.pdf.txt,"c(""t453"", ""n6"", ""ex160"")"
t454-cym.pdf.txt,"c(""t466"", ""t467"", ""t468"", ""t454"", ""ex160a"", ""ex160"")"
t454-eng.pdf.txt,"c(""t466"", ""t467"", ""t468"", ""t454"", ""ex160a"", ""ex160"")"
t455-eng.pdf.txt,"c(""t455"", ""c4"", ""c1"")"
t464-cym.pdf.txt,"c(""t464"", ""n9"", ""n1"", ""el1"", ""ch3"", ""d7"")"
t464-eng.pdf.txt,"c(""te3"", ""t464"", ""t455"", ""n7"", ""ex160a"", ""ex160"")"
t465-cym.pdf.txt,"c(""t465"", ""t466"", ""t467"", ""t468"", ""ex160a"", ""ex160"")"
t465-eng.pdf.txt,"c(""t465"", ""t466"", ""t467"", ""t468"", ""ex160a"", ""ex160"")"
t466-eng.pdf.txt,t466
t467-eng.pdf.txt,"c(""t467"", ""n6"")"
t468-eng.pdf.txt,t468
t469-eng.pdf.txt,t469
t470-eng.pdf.txt,t470
t480-cym.pdf.txt,"c(""t483"", ""t480"", ""c4"")"
t480-eng.pdf.txt,"c(""t483"", ""t480"", ""c4"")"
t481-nodiadau-cym.pdf.txt,"c(""t481"", ""n461"", ""c4"", ""c2"", ""c3"", ""n46"", ""c31"")"
t481-notes-eng.pdf.txt,"c(""t485"", ""t484"", ""t481"", ""n461"", ""c4"", ""c2"", ""c3"", ""n46"", ""c32"", ""c(f1)"")"
t482-cym.pdf.txt,"c(""t482"", ""c4"")"
t482-eng.pdf.txt,"c(""t482"", ""n5"", ""c4"")"
t483-cym.pdf.txt,"c(""t483"", ""t480"")"
t483-eng.pdf.txt,"c(""t483"", ""t480"")"
t484-cym.pdf.txt,t484
t484-eng.pdf.txt,t484
t485-cym.pdf.txt,t485
t485-eng.pdf.txt,t485
t486-cym.pdf.txt,"c(""t486"", ""c(f1)"")"
t486-eng.pdf.txt,"c(""t486"", ""c4"")"
t490-eng.pdf.txt,none detected
t491-eng.pdf.txt,"c(""no.56"", ""no.32"", ""a1"", ""a13"")"
t492-eng.pdf.txt,none detected
t493-eng.pdf.txt,"c(""t493"", ""pl2"", ""n11"", ""n3"", ""n2"", ""n1"", ""ch42"", ""ch4"", ""cb2"", ""a1"", ""n38"", ""a15"")"
t495-eng.pdf.txt,t495
t496-eng.pdf.txt,none detected
t497-eng.pdf.txt,none detected
t499-eng.pdf.txt,"c(""c4"", ""c1"", ""ex4"")"
t53-eng.pdf.txt,"c(""t53"", ""ex160a"", ""ex160"")"
t540-eng.pdf.txt,"c(""t609"", ""t546"", ""t545"", ""t544"", ""t541"", ""t542"", ""t540"", ""t543"", ""cb1"", ""c1"", ""b1"")"
t541-eng.pdf.txt,"c(""t609"", ""t546"", ""t545"", ""t544"", ""t541"", ""t542"", ""t540"", ""t543"", ""ex160a"", ""ex160"", ""cb1"", ""c1"", ""b1"")"
t542-eng.pdf.txt,"c(""t609"", ""t546"", ""t545"", ""t544"", ""t541"", ""t542"", ""t540"", ""t543"", ""ex160a"", ""ex160"", ""cb1"", ""c1"", ""b1"")"
t543-eng.pdf.txt,"c(""t609"", ""t546"", ""t545"", ""t544"", ""t541"", ""t542"", ""t540"", ""t543"", ""ex160a"", ""ex160"", ""cb1"", ""c1"", ""b1"")"
t544-eng.pdf.txt,"c(""t609"", ""t546"", ""t545"", ""t544"", ""t541"", ""t542"", ""t540"", ""t543"", ""ex160a"", ""ex160"", ""cb1"", ""c1"", ""b1"")"
t545-eng.pdf.txt,"c(""t609"", ""t546"", ""t545"", ""t544"", ""t541"", ""t542"", ""t540"", ""t543"", ""ex160a"", ""ex160"", ""cb1"", ""c1"", ""b1"")"
t546-eng.pdf.txt,"c(""t609"", ""t546"", ""t545"", ""t544"", ""t541"", ""t542"", ""t540"", ""t543"", ""ex160a"", ""ex160"", ""cb1"", ""c1"", ""b1"")"
t547-eng.pdf.txt,t547
t601-eng.pdf.txt,"c(""t602"", ""t601"", ""ex160"", ""c4"")"
t602-eng.pdf.txt,"c(""t602"", ""t601"", ""c4"")"
t603-eng.pdf.txt,"c(""t603"", ""c4"")"
t604-eng.pdf.txt,"c(""t604"", ""ex160"", ""c4"", ""c2"")"
t605-eng.pdf.txt,"c(""t605"", ""ex160"", ""c4"", ""c2"")"
t606-eng.pdf.txt,"c(""t606"", ""ex160"", ""c4"", ""c2"")"
t607-eng.pdf.txt,"c(""t607"", ""c4"")"
t608-eng.pdf.txt,"c(""t608"", ""t381"", ""t38"", ""ex160"", ""c4"", ""c2"")"
t609-eng.pdf.txt,"c(""t609"", ""c4"")"
t610-eng.pdf.txt,none detected
t611-eng.pdf.txt,none detected
t612-eng.pdf.txt,none detected
t613-eng.pdf.txt,none detected
t614-eng.pdf.txt,t614
t615-eng.pdf.txt,t615
t616-eng.pdf.txt,t616
t617-eng.pdf.txt,t617
t618-eng.pdf.txt,none detected
t619a-eng.pdf.txt,"c(""t619"", ""t619a"", ""c4"", ""c2"", ""c1"")"
t621-eng.pdf.txt,"c(""t621"", ""c4"", ""b1"")"
t622-eng.pdf.txt,t622
t94-eng.pdf.txt,"c(""t94"", ""c4"", ""c1"")"
t95-eng.pdf.txt,t95
t97-eng.pdf.txt,"c(""t97"", ""ex160a"", ""ex160"")"
t98a-eng.pdf.txt,none detected
talg900-eng.pdf.txt,"c(""talg900"", ""c1"", ""a4"", ""a1"")"
talg964-eng.pdf.txt,none detected
tcc-cm1-eng.pdf.txt,"c(""pf52"", ""pf5"")"
tcc-ptr1-eng.pdf.txt,"c(""n3"", ""el2"", ""c8"", ""c6"")"
te3-eng.pdf.txt,"c(""te9"", ""te3"", ""n1"")"
te7-(dart-charge)-eng.pdf.txt,te7
te9-(dart-charge)-eng.pdf.txt,te9
tgrcref-eng.pdf.txt,none detected
tsf4-eng.pdf.txt,tsf4
tystysgrif-colli-enillion-neu-fudd-dal-cym.pdf.txt,none detected
ut-table-of-cases-eng.pdf.txt,"c(""ut13"", ""ut14"", ""ut12"", ""ut11"", ""ut10"", ""ut9"", ""ut8"", ""ut6"", ""ut5"", ""ut4"", ""ut3"", ""ut1"", ""t10"", ""t12"", ""t11"", ""jrc1"", ""c1"")"
ut1-cym.pdf.txt,"c(""ut1"", ""c4"", ""c(f1)"")"
ut1-leaflet-eng.pdf.txt,"c(""ut1"", ""c4"", ""c2"", ""c(f1)"")"
ut1-nodiadau-cym.pdf.txt,"c(""ut1"", ""c4"", ""c(f1)"")"
ut1-taflen-cym.pdf.txt,"c(""c2"", ""c(f1)"")"
ut10-leaflet-eng.pdf.txt,none detected
ut11-eng.pdf.txt,"c(""ut13"", ""ut11"", ""ut1"", ""t11"", ""c4"", ""c(f1)"")"
ut11-leaflet-eng.pdf.txt,"c(""ut11"", ""ut1"", ""t11"", ""c4"", ""c(f1)"")"
ut11-notes-eng.pdf.txt,"c(""ut11"", ""ut1"", ""t11"", ""c4"", ""c(f1)"")"
ut12-leaflet-eng.pdf.txt,"c(""n2"", ""cb2"", ""c2"", ""c1"", ""b1"", ""n21"", ""a3"", ""5310"")"
ut12-notes-eng.pdf.txt,"c(""ut12"", ""ut1"", ""t12"", ""c4"")"
ut13-eng.pdf.txt,"c(""ut13"", ""ut11"", ""ut1"", ""t11"", ""c4"", ""c(f1)"")"
ut13-leaflet-eng.pdf.txt,"c(""ut13"", ""ut1"", ""c4"", ""c(f1)"")"
ut14-eng.pdf.txt,"c(""ut14"", ""ut1"", ""c4"", ""c(f1)"")"
ut2-eng.pdf.txt,"c(""ut2"", ""c4"", ""c(f1)"")"
ut3-leaflet-eng.pdf.txt,"c(""ut3"", ""c4"", ""c2"")"
ut3-notes-eng.pdf.txt,"c(""ut3"", ""c4"")"
ut4-eng.pdf.txt,"c(""ut4"", ""c4"")"
ut4-leaflet-eng.pdf.txt,"c(""ut4"", ""c4"", ""c2"")"
ut4-notes-eng.pdf.txt,"c(""ut4"", ""c4"")"
ut5-eng.pdf.txt,"c(""ut5"", ""c4"", ""c(f1)"")"
ut5-leaflet-eng.pdf.txt,"c(""ut5"", ""c4"", ""c2"", ""c(f1)"")"
ut5-notes-eng.pdf.txt,"c(""ut5"", ""c4"", ""c(f1)"")"
ut6-eng.pdf.txt,"c(""ut6"", ""c4"", ""c(f1)"")"
ut6-leaflet-eng.pdf.txt,"c(""ut6"", ""c4"", ""c2"", ""c(f1)"")"
ut6-notes-eng.pdf.txt,"c(""ut6"", ""c4"", ""c(f1)"")"
ut7-eng.pdf.txt,"c(""ut7"", ""ut6"", ""c4"", ""c(f1)"")"
ut8-cym.pdf.txt,"c(""ut8"", ""c(f1)"")"
ut8-eng.pdf.txt,"c(""ut8"", ""c(f1)"")"
ut8-leaflet-eng.pdf.txt,"c(""ut8"", ""c2"", ""c(f1)"")"
ut8-nodiadau-cym.pdf.txt,"c(""ut8"", ""c(f1)"")"
ut8-notes-eng.pdf.txt,"c(""ut8"", ""c(f1)"")"
ut8-taflen-cym.pdf.txt,"c(""ut8"", ""c2"", ""c(f1)"")"
ut9-cym.pdf.txt,"c(""ut9"", ""c(f1)"")"
ut9-eng.pdf.txt,"c(""ut9"", ""c(f1)"")"
ut9-leaflet-eng.pdf.txt,"c(""ut9"", ""c2"")"
ut9-notes-eng.pdf.txt,"c(""ut9"", ""c(f1)"")"
ut9-taflen-cym.pdf.txt,"c(""ut9"", ""c2"", ""c(f1)"")"
utaac-faq-eng.pdf.txt,none detected
utlc-fees-eng.pdf.txt,none detected
your-appeal-what-happens-next-eng.pdf.txt,none detected
