source,target
5050a-eng_doc,none detected
5050a-eng,none detected
5138-cym_doc,none detected
5138-eng_doc,none detected
5222-cym,lwfansau
5222-cym,gwys rheithgor
5222-eng,juror charter
5222-eng,jury summons form
5222a-bil,juror charter
5222a-eng,juror charter
a-e-eng,none detected
a1-cym,none detected
a1-eng,form a1
a100-eng,none detected
a101-eng,none detected
a101a-bil_doc,none detected
a101a-eng_doc,none detected
a102-eng,none detected
a103-eng,none detected
a104-eng,none detected
a105-eng,none detected
a106-eng,none detected
a107-eng,none detected
a2-eng,form a2
a20-bil,none detected
a20-cym,ex160a
a20-cym,ex50
a20-cym,cb4
a20-cym,cb1
a20-cym,a58
a20-cym,a21
a20-eng,ex160a
a20-eng,ex50
a20-eng,cb4
a20-eng,cb1
a20-eng,a58
a20-eng,a21
a20(1)-cym,a20
a20(1)-cym,a20\(1\)
a20(1)-eng,a20
a20(1)-eng,a20\(1\)
a21-cym,ex160a
a21-cym,ex50
a21-cym,a59
a21-eng,ex160a
a21-eng,ex50
a21-eng,a59
a4-eng,none detected
a5-eng,none detected
a50-bil,none detected
a50-eng,none detected
a50-nodiadau-a50-notes-bil,none detected
a50-notes-eng,a65
a50-notes-eng,a50
a51-bil,none detected
a51-eng,none detected
a51-nodiadau-a51-notes-bil,none detected
a51-notes-eng,ex160a
a51-notes-eng,ex50
a51-notes-eng,a51
a52-bil,none detected
a52-eng,none detected
a52-nodiadau-a52-notes-bil,a65
a52-nodiadau-a52-notes-bil,a52 notes
a52-nodiadau-a52-notes-bil,a52
a52-nodiadau-a52-notes-bil,a52 notes
a52-notes-eng,ex160a
a52-notes-eng,ex50
a53-bil,none detected
a53-eng,none detected
a53-nodiadau-a53-notes-bil,fp2
a53-nodiadau-a53-notes-bil,a65
a53-nodiadau-a53-notes-bil,a53
a53-nodiadau-a53-notes-bil,a53 notes
a53-nodiadau-a53-notes-bil,a53 notes
a53-notes-eng,fp2
a53-notes-eng,a53
a54-bil,none detected
a54-eng,none detected
a54-nodiadau-a54-notes-bil,none detected
a54-notes-eng,a54
a55-bil,none detected
a55-eng,none detected
a55-nodiadau-a55-notes-bil,none detected
a55-notes-eng,ex160a
a55-notes-eng,ex50
a55-notes-eng,a55
a56-bil,none detected
a56-eng,none detected
a56-nodiadau-a56-notes-bil,a56
a56-notes-eng,a56
a57-bil,a65
a57-eng,none detected
a57-nodiadau-a57-notes-bil,a65
a57-nodiadau-a57-notes-bil,a57 notes
a57-nodiadau-a57-notes-bil,a57
a57-nodiadau-a57-notes-bil,a57 notes
a57-notes-eng,a57
a58-bil,ex160a
a58-bil,a60
a58-bil,a59
a58-eng,ex160
a58-eng,a60
a58-eng,a59
a58-nodiadau-a58-notes-bil,a60
a58-nodiadau-a58-notes-bil,a59
a58-nodiadau-a58-notes-bil,a58
a58-nodiadau-a58-notes-bil,a58 notes
a58-nodiadau-a58-notes-bil,a58 notes
a58-notes-eng,ex160
a58-notes-eng,ex50
a58-notes-eng,a60
a58-notes-eng,a59
a58-notes-eng,a58
a59-bil,none detected
a59-eng,a61
a59-nodiadau-a59-notes-bil,a61
a59-nodiadau-a59-notes-bil,a59
a59-notes-eng,a61
a59-notes-eng,a59
a60-bil,ex160a
a60-bil,a61
a60-eng,a61
a60-nodiadau-a60-notes-bil,a60
a60-nodiadau-a60-notes-bil,a60 notes
a60-nodiadau-a60-notes-bil,a60 notes
a60-notes-eng,a60
a61-bil,none detected
a61-eng,none detected
a61-nodiadau-a61-notes-bil,a61
a61-nodiadau-a61-notes-bil,a61 notes
a61-nodiadau-a61-notes-bil,a61 notes
a61-notes-eng,a61
a62-bil,none detected
a62-eng,none detected
a62-nodiadau-a62-notes-bil,none detected
a62-notes-eng,a62
a63-bil,none detected
a63-eng,none detected
a63-nodiadau-a63-notes-bil,none detected
a63-notes-eng,ex50
a63-notes-eng,a63
a64-bil,none detected
a64-eng,none detected
a64a-bil,none detected
a64a-eng,none detected
a65-bil,none detected
a65-eng,none detected
ac001-(birmingham)-eng,ex160
ac001-(birmingham)-eng,ac001
ac001-(cardiff)-eng,ex160
ac001-(cardiff)-eng,ac001
ac001-(leeds)-eng,ex160
ac001-(leeds)-eng,ac001
ac001-(london)-eng,ex160
ac001-(london)-eng,ac001
ac001-(manchester)-eng,ex160
ac001-(manchester)-eng,ac001
ac010-eng,none detected
ac011-eng,none detected
ac013-eng,none detected
ac014-eng_doc,none detected
ac015-eng,none detected
ac016-eng,none detected
ac017-eng,none detected
adm1-eng,none detected
adm10-eng,none detected
adm11-eng,none detected
adm12-eng,none detected
adm12a-eng,none detected
adm13-eng,adm14
adm14-eng,none detected
adm15-eng,none detected
adm15b-eng,adm16
adm15b-eng,adm16a
adm16-eng,none detected
adm16a-eng,none detected
adm17-eng,none detected
adm17a-eng,none detected
adm18-eng,none detected
adm19-eng,none detected
adm1a-eng,none detected
adm1c-cym,adm2
adm1c-eng,none detected
adm2-cym,none detected
adm2-eng,none detected
adm20-eng,none detected
adm21-eng,none detected
adm3-eng,none detected
adm4-eng,none detected
adm5-eng,none detected
adm6-eng,none detected
adm7-eng,none detected
adm9-eng,none detected
ae-canllaw-cym,none detected
ae-faq-cym,none detected
aj20-cym,none detected
aj22-eng,none detected
aj24-cym,none detected
aj24-eng,none detected
aj25-cym,none detected
aj26-cym,none detected
aj26-eng,none detected
allowances-eng,none detected
application-for-anonymity-(iat)-eng_doc,none detected
application-for-anonymity-(utiac)-eng_doc,none detected
application-for-anonymity-(utiac)-eng,none detected
application-for-anonymity-notes-(iat)-eng,none detected
application-for-anonymity-notes-(utiac)-eng,none detected
attachment-of-earnings-orders-for-criminal-fines-national-pilot-april-2004-eng,none detected
b1-eng_doc,none detected
bank-1-eng_doc,none detected
bank-2-eng_doc,none detected
bank-3-eng_doc,none detected
bank-4-eng_doc,none detected
bank-5-eng_doc,none detected
bank-6-eng_doc,none detected
bank-7-eng_doc,none detected
bank-8-eng_doc,none detected
bill-of-costs-(scco)-eng,scco
bill-of-costs-(scco)-eng,n258c
bill-of-costs-(scco)-eng,n210
bill-of-costs-(scco)-eng,n208
bill-of-costs-(scco)-eng,ex340
c(pra1)-bil,none detected
c(pra1)-eng,c\(pra1\)
c(pra2)-bil,none detected
c(pra2)-eng,c\(pra2\)
c(pra3)-bil,none detected
c(pra3)-eng,c\(pra3\)
c1-bil,cb1
c1-bil,c100
c1-bil,c110
c1-bil,c79
c1-bil,c19
c1-bil,c17
c1-bil,c15
c1-bil,c11
c1-bil,c13
c1-cym,none detected
c1-eng,fm1
c1-eng,cb1
c1-eng,c100
c1-eng,c79
c100-bil,ex50
c100-bil,cb7
c100-bil,cb1
c100-bil,c79
c100-bil,c1a
c100-eng,ex50
c100-eng,cb7
c100-eng,cb1
c100-eng,c79
c100-eng,c1a
c11-bil,none detected
c110-bil,none detected
c110-eng,none detected
c110a-cym,none detected
c110a-eng,none detected
c12-bil,none detected
c12-eng,none detected
c120-eng,none detected
c13-eng,none detected
c13a-eng,none detected
c14-bil,none detected
c14-eng,none detected
c15-bil,none detected
c15-eng,none detected
c16-bil,none detected
c16-eng,none detected
c17-bil,none detected
c17-eng,none detected
c17a-bil,none detected
c17a-eng,none detected
c18-bil,none detected
c18-eng,none detected
c19-eng,none detected
c1a-bil,c100
c1a-eng,c100
c1a-nodiadau-c1a-notes-bil,none detected
c1a-notes-eng,none detected
c2-bil,cb1
c2-eng,fm1
c2-eng,ex160a
c2-eng,ex50
c2-eng,cb1
c2-eng,c100
c2-eng,c1a
c20-cym,none detected
c20-eng,none detected
c23-eng,none detected
c3-bil,none detected
c3-eng,none detected
c4-bil,none detected
c4-eng,none detected
c5-bil,cb1
c5-eng,cb1
c51-bil,cb1
c51-bil,c52
c51-eng,cb1
c51-eng,c52
c52-bil,form a
c52-bil,form a
c52-eng,form a
c52-eng,form a
c60-bil,none detected
c60-eng,none detected
c61-eng,none detected
c62-eng,none detected
c63-bil,ex160a
c63-bil,ex50
c63-bil,cb1
c63-eng,ex160a
c63-eng,ex50
c63-eng,cb1
c64-bil,ex160a
c64-bil,ex50
c64-bil,cb1
c64-eng,ex160a
c64-eng,ex50
c64-eng,cb1
c65-bil,ex160a
c65-bil,ex50
c65-bil,cb1
c65-eng,ex160a
c65-eng,ex50
c65-eng,cb1
c66-bil,cb1
c66-bil,c1a
c66-eng,cb1
c66-eng,c1a
c67-eng,cb1
c67-eng,c1a
c68-eng,cb1
c68-eng,c1a
c69-eng,cb1
c69-eng,c1a
c7-bil,none detected
c7-eng,c100
c7-eng,c79
c7-eng,c78
c7-eng,c1a
c7-eng,c10a
c78-bil,ex160a
c78-eng,none detected
c79-bil,cb5
c79-eng,ex160a
c79-eng,cb5
c8-bil,none detected
c8-eng,none detected
c9-bil,none detected
c9-eng,none detected
canllawiau-i-wys-rheithgor-guide-to-jury-summons-bil,jury summons form
capsbacs1-eng,capsbacs3
capsbacs1-eng,capsbacs4
capsbacs1-eng,capsbacs2
capsbacs2-eng,none detected
capsbacs3-eng,none detected
capsbacs4-eng,capsbacs2
case-management-information-sheet-eng_doc,none detected
cb1-cym,fp9
cb1-cym,ex710
cb1-cym,ex160a
cb1-cym,ex50
cb1-cym,cb5
cb1-cym,cb4
cb1-cym,cb3
cb1-cym,c100
cb1-cym,c1a
cb1-cym,a20
cb1-cym,c6a
cb1-cym,c10a
cb1-eng,fp9
cb1-eng,ex710
cb1-eng,ex160a
cb1-eng,ex50
cb1-eng,cb5
cb1-eng,cb4
cb1-eng,cb3
cb1-eng,c100
cb1-eng,c1a
cb1-eng,a20
cb1-eng,c6a
cb1-eng,c10a
cb2-cym,cb7
cb2-cym,c100
cb2-eng,cb7
cb2-eng,c100
cb3-cym,c79
cb3-cym,c6a
cb3-cym,c10a
cb3-eng,c79
cb3-eng,c6a
cb3-eng,forma
cb4-cym,fm1
cb4-cym,ex160a
cb4-cym,ex50
cb4-cym,cb3
cb4-cym,cb1
cb4-cym,c13a
cb4-eng,fm1
cb4-eng,ex160a
cb4-eng,ex50
cb4-eng,cb3
cb4-eng,cb1
cb4-eng,c13a
cb5-cym,ex160a
cb5-cym,ex50
cb5-cym,cb3
cb5-cym,cb1
cb5-cym,c78
cb5-cym,c6a
cb5-eng,ex160a
cb5-eng,ex50
cb5-eng,cb3
cb5-eng,cb1
cb5-eng,c78
cb5-eng,c6a
cb6-cym,none detected
cb6-eng,c120
cb7-cym,none detected
cb7-eng,ex50
cb7-eng,cb6
cb7-eng,cb1
cb7-eng,c100
certificate-of-loss-eng,jury summons form
ch1-eng_doc,none detected
ch10-eng_doc,none detected
ch11-eng_doc,none detected
ch12-eng_doc,none detected
ch13-eng_doc,none detected
ch14-eng_doc,none detected
ch15-eng_doc,none detected
ch16-eng_doc,none detected
ch17-eng_doc,none detected
ch18-eng_doc,none detected
ch19-eng_doc,none detected
ch2-eng_doc,none detected
ch20-eng_doc,none detected
ch21-eng_doc,none detected
ch22-eng_doc,none detected
ch23-eng_doc,none detected
ch24-eng_doc,none detected
ch25-eng_doc,none detected
ch26-eng_doc,none detected
ch27-eng_doc,none detected
ch28-eng_doc,none detected
ch29-eng_doc,none detected
ch3-eng_doc,none detected
ch30-eng_doc,none detected
ch31-eng_doc,none detected
ch32-eng_doc,none detected
ch33-eng_doc,none detected
ch34-eng_doc,none detected
ch35-eng_doc,none detected
ch36-eng_doc,none detected
ch37-eng_doc,none detected
ch38-eng_doc,none detected
ch39-eng_doc,none detected
ch4-eng_doc,none detected
ch40-eng_doc,none detected
ch41-eng_doc,none detected
ch42-eng_doc,none detected
ch43-eng_doc,none detected
ch44-eng_doc,none detected
ch5-eng_doc,none detected
ch6-eng_doc,none detected
ch7-eng_doc,none detected
ch8-eng_doc,none detected
ch9-eng_doc,none detected
child-support-how-to-appeal-(england)-eng,none detected
child-support-how-to-appeal-(scotland)-eng,none detected
cic-guide-1996-eng,none detected
cic-guide-2001-eng,none detected
cic-guide-2008-eng,none detected
cic-guide-2012-eng,none detected
coa-bundle-index-a1-a2-a3-eng_doc,n460
coa-bundle-index-a1-a2-a3a-eng_doc,n460
coa-bundle-index-a2-(eat)-eng_doc,n460
coa-bundle-index-a2-(eat)-eng_doc,et3
coa-bundle-index-a2-(eat)-eng_doc,et1
coa-bundle-index-a2-(fa)-eng_doc,n460
coa-bundle-index-a2-(sa)-eng_doc,n460
coa-bundle-index-a3-c3-eng_doc,none detected
coa-bundle-index-a3a-eng_doc,n460
coa-bundle-index-a3b-eng_doc,n460
coa-bundle-index-b2-b5-(fa)-eng_doc,n460
coa-bundle-index-b2-b5-(sa)-eng_doc,n460
coa-bundle-index-b3-(fa)-eng_doc,n460
coa-bundle-index-b3-(sa)-eng_doc,n460
coa-bundle-index-b4-(fa)-eng_doc,c110a
coa-bundle-index-b4-(fa)-eng_doc,c100
coa-bundle-index-b4-(sa)-eng_doc,c110a
coa-bundle-index-b4-(sa)-eng_doc,c100
coa-bundle-index-b5-eng_doc,none detected
coa-bundle-index-b6-(fa)-eng_doc,none detected
coa-bundle-index-b6-(sa)-eng_doc,none detected
coa-bundle-index-c1-c4-t3-eng_doc,n462
coa-bundle-index-c1-c4-t3-eng_doc,n461
coa-bundle-index-c1-c4-t3-eng_doc,n460
coa-bundle-index-c2-c3-a3-eng_doc,none detected
coa-bundle-index-c3-(cat)-eng_doc,none detected
coa-bundle-index-c3-(utlc)-eng_doc,none detected
coa-bundle-index-c4-c1-eng_doc,n462
coa-bundle-index-c4-c1-eng_doc,n461
coa-bundle-index-c4-c1-eng_doc,n460
coa-bundle-index-c6-eng_doc,t482
coa-bundle-index-c6-eng_doc,t480
coa-bundle-index-t2-eng_doc,none detected
comp-1-eng_doc,none detected
comp-2-eng_doc,none detected
comp-3-eng_doc,none detected
comp-4-eng_doc,none detected
comp-5-eng_doc,none detected
comp-7-eng_doc,none detected
comp-8-eng_doc,none detected
control-order-eng_doc,none detected
cop-dla-cym,cop dlb
cop-dla-cym,cop dlc
cop-dla-eng,cop dlb
cop-dlb-cym,none detected
cop-dlb-eng,none detected
cop-dlc-cym,none detected
cop-dld-cym,none detected
cop-dld-eng,none detected
cop-dle-cym,none detected
cop-dle-eng,none detected
cop-dol10-cym,cop3
cop-dol10-eng,form p
cop-dol10-eng,cop3
cop-dol10-eng,form p
cop-faq-eng,cop44a
cop-faq-eng,cop24
cop-faq-eng,cop9
cop-faq-eng,cop4
cop-faq-eng,cop3
cop-faq-eng,cop1b
cop-faq-eng,cop1a
cop-faq-eng,cop1
cop-gn1-cym,cop44
cop-gn1-cym,cop24
cop-gn1-cym,cop9
cop-gn1-cym,cop4
cop-gn1-cym,cop3
cop-gn1-cym,cop2
cop-gn1-cym,cop1a
cop-gn1-cym,cop1
cop-gn1-eng,cop44
cop-gn1-eng,cop9
cop-gn1-eng,cop4
cop-gn1-eng,cop3
cop-gn1-eng,cop1a
cop-gn1-eng,cop1
cop-gn1-eng,cop gn2
cop-gn2-cym,cop24
cop-gn2-cym,cop12
cop-gn2-cym,cop1
cop-gn2-eng,cop44
cop-gn2-eng,cop24
cop-gn2-eng,cop12
cop-gn2-eng,cop1d
cop-gn2-eng,cop1
cop-gn3-cym,cop44
cop-gn3-cym,cop24
cop-gn3-cym,cop9
cop-gn3-cym,cop3
cop-gn3-cym,cop1b
cop-gn3-cym,cop1a
cop-gn3-cym,cop1
cop-gn3-cym,cop gn2
cop-gn3-eng,cop44
cop-gn3-eng,cop24
cop-gn3-eng,cop1e
cop-gn3-eng,cop1
cop-gn4-cym,cop44
cop-gn4-cym,cop42
cop-gn4-cym,cop35
cop-gn4-cym,cop28
cop-gn4-cym,cop24
cop-gn4-cym,cop20b
cop-gn4-cym,cop20a
cop-gn4-cym,cop14
cop-gn4-cym,cop15
cop-gn4-cym,cop10
cop-gn4-cym,cop9
cop-gn4-cym,cop5
cop-gn4-cym,cop3
cop-gn4-cym,cop2
cop-gn4-cym,cop1
cop-gn4-eng,cop44
cop-gn4-eng,cop35
cop-gn4-eng,cop28
cop-gn4-eng,cop24
cop-gn4-eng,cop20b
cop-gn4-eng,cop20a
cop-gn4-eng,cop14
cop-gn4-eng,cop15
cop-gn4-eng,cop10
cop-gn4-eng,cop9
cop-gn4-eng,cop5
cop-gn4-eng,cop3
cop-gn4-eng,cop1b
cop-gn4-eng,cop1
cop-gn5-cym,ex160
cop-gn5-cym,cop24
cop-gn5-cym,cop20a
cop-gn5-cym,cop14
cop-gn5-cym,cop9
cop-gn5-eng,ex160a
cop-gn5-eng,cop44
cop-gn5-eng,cop24
cop-gn5-eng,cop20a
cop-gn5-eng,cop14
cop-gn5-eng,cop9
cop-gn6-cym,none detected
cop-gn7-cym,none detected
cop-gn8-cym,cop42
cop-gn8-cym,cop1
cop-gn8-eng,cop44
cop-gn8-eng,cop3
cop-gn8-eng,cop1c
cop-gn8-eng,cop1
cop1-bil,none detected
cop1-cym,none detected
cop1-eng,cop44
cop1-eng,cop42
cop1-eng,cop35
cop1-eng,cop24
cop1-eng,cop12
cop1-eng,cop9
cop1-eng,cop4
cop1-eng,cop3
cop1-eng,cop1d
cop1-eng,cop1b
cop1-eng,cop1a
cop1-eng,cop1e
cop1-eng,cop1c
cop1-eng,cop1f
cop1-eng,cop gn4
cop1-eng,cop gn8
cop1-eng,cop gn1
cop1-eng,cop gn2
cop1-eng,cop gn3
cop10-bil,cop9
cop10-cym,cop9
cop10-eng,cop44
cop10-eng,cop24
cop10-eng,cop15
cop10-eng,cop9
cop10-eng,cop5
cop10-eng,cop1
cop12-cym,cop1
cop12-eng,cop1
cop14-bil,none detected
cop14-cym,none detected
cop14-eng,none detected
cop14a-eng,cop20a
cop14a-eng,cop14
cop14a-eng,cop5
cop15-bil,none detected
cop15-cym,cop5
cop15-eng,cop5
cop15a-eng,cop20b
cop15a-eng,cop15
cop15a-eng,cop5
cop15a-eng,cop1
cop1a-bil,none detected
cop1a-eng,cop1
cop1b-bil,none detected
cop1b-eng,cop44
cop1b-eng,cop24
cop1b-eng,cop4
cop1b-eng,cop3
cop1b-eng,cop1
cop1c-eng,cop24
cop1c-eng,cop3
cop1c-eng,cop1a
cop1c-eng,cop1
cop1d-eng,cop24
cop1d-eng,cop12
cop1d-eng,cop1
cop1e-eng,cop24
cop1e-eng,cop1
cop1e-eng,cop gn3
cop1f-eng,cop24
cop1f-eng,cop1
cop2-bil,none detected
cop2-cym,cop1b
cop20-bil,none detected
cop20a-eng,cop20b
cop20a-eng,cop5
cop20b-cym,cop21b
cop20b-cym,cop20a
cop20b-cym,cop15
cop20b-eng,cop20a
cop20b-eng,cop15
cop21a-eng,cop24
cop21a-eng,cop20b
cop21a-eng,cop20a
cop21a-eng,cop14
cop21a-eng,cop14a
cop21a-eng,cop9
cop21a-eng,cop5
cop21b-cym,cop35
cop21b-cym,cop20b
cop21b-cym,cop15a
cop21b-cym,cop15
cop21b-cym,cop5
cop21b-cym,cop1
cop21b-eng,cop35
cop21b-eng,cop36
cop21b-eng,cop20b
cop21b-eng,cop22
cop21b-eng,cop15
cop21b-eng,cop5
cop21b-eng,cop1
cop22-bil,none detected
cop22-eng,cop20b
cop22-eng,cop9
cop23-bil,none detected
cop23-cym,none detected
cop23-eng,none detected
cop24-bil,none detected
cop24-cym,none detected
cop24-eng,cop25
cop25-bil,none detected
cop25-cym,none detected
cop25-eng,none detected
cop28-bil,none detected
cop28-cym,none detected
cop28-eng,none detected
cop29-bil,none detected
cop29-cym,none detected
cop29-eng,none detected
cop3-bil,none detected
cop3-cym,none detected
cop3-eng,none detected
cop30-bil,none detected
cop30-cym,none detected
cop30-eng,cop44
cop30-eng,cop9
cop30-eng,cop1
cop31-bil,none detected
cop31-cym,none detected
cop31-eng,cop1
cop35-bil,none detected
cop35-cym,none detected
cop35-eng,cop37
cop35-eng,cop36
cop35-eng,cop24
cop36-bil,none detected
cop36-cym,none detected
cop36-eng,none detected
cop37-cym,none detected
cop37-eng,none detected
cop4-bil,cop1
cop4-cym,none detected
cop4-eng,none detected
cop42-cym,cop44
cop42-cym,cop35
cop42-cym,cop37
cop42-cym,cop36
cop42-cym,cop28
cop42-cym,cop24
cop42-cym,cop20b
cop42-cym,cop21b
cop42-cym,cop21a
cop42-cym,cop20a
cop42-cym,cop15a
cop42-cym,cop14
cop42-cym,cop15
cop42-cym,cop14a
cop42-cym,cop10
cop42-cym,cop7
cop42-cym,cop8
cop42-cym,cop9
cop42-cym,cop5
cop42-cym,cop4
cop42-cym,cop3
cop42-cym,cop2
cop42-cym,cop1b
cop42-cym,cop1a
cop42-cym,cop1
cop42-cym,cop gn4
cop42-cym,cop gn7
cop42-cym,cop gn8
cop42-cym,cop gn5
cop42-cym,cop gn6
cop42-cym,cop gn1
cop42-cym,cop gn3
cop42-eng,cop44
cop42-eng,cop35
cop42-eng,cop37
cop42-eng,cop36
cop42-eng,cop28
cop42-eng,cop24
cop42-eng,cop20b
cop42-eng,cop21b
cop42-eng,cop21a
cop42-eng,cop20a
cop42-eng,cop15a
cop42-eng,cop14
cop42-eng,cop15
cop42-eng,cop14a
cop42-eng,cop10
cop42-eng,cop7
cop42-eng,cop8
cop42-eng,cop9
cop42-eng,cop5
cop42-eng,cop4
cop42-eng,cop3
cop42-eng,cop2
cop42-eng,cop1b
cop42-eng,cop1a
cop42-eng,cop1
cop42-eng,cop gn4
cop42-eng,cop gn7
cop42-eng,cop gn8
cop42-eng,cop gn5
cop42-eng,cop gn6
cop42-eng,cop gn1
cop42-eng,cop gn2
cop42-eng,cop gn3
cop44-cym,cop44a
cop44-cym,ep1pg
cop44-cym,lpa001
cop44-eng,cop44a
cop44-eng,ep1pg
cop44-eng,lpa001
cop44a-cym,none detected
cop44a-eng,none detected
cop44b-eng,ex160c
cop5-bil,none detected
cop5-eng,cop24
cop5-eng,cop1
cop5a-eng,cop24
cop5a-eng,cop14
cop5a-eng,cop15
cop5a-eng,cop5
cop7-bil,lpa001
cop7-cym,cop24
cop7-cym,cop1
cop7-cym,lpa001
cop7-cym,lpa006
cop7-cym,lpa008
cop7-eng,cop44
cop7-eng,cop24
cop7-eng,cop1
cop7-eng,lpa001
cop7-eng,lpa006
cop7-eng,lpa007
cop7-eng,lpa008
cop8-cym,cop24
cop8-cym,ep1pg
cop8-eng,cop44
cop8-eng,cop24
cop8-eng,cop1
cop8-eng,ep1pg
cop9-bil,none detected
cop9-cym,none detected
cop9-eng,cop44
cop9-eng,cop24
cop9-eng,cop25
cop9-eng,cop10
cop9-eng,cop1
costs-eng_doc,none detected
county-court-business-centre-code-of-practice-eng,secure data transfer
county-court-business-centre-code-of-practice-eng,n445
county-court-business-centre-code-of-practice-eng,n294
county-court-business-centre-code-of-practice-eng,n225a
county-court-business-centre-code-of-practice-eng,n225
county-court-business-centre-code-of-practice-eng,n30
county-court-business-centre-code-of-practice-eng,n9a
county-court-business-centre-code-of-practice-eng,n30\(2\)
county-court-business-centre-code-of-practice-eng,n35
county-court-business-centre-code-of-practice-eng,n35a
county-court-business-centre-code-of-practice-eng,n293
criminal-injuries-compensation-scheme-1996-eng,none detected
criminal-injuries-compensation-scheme-2001-eng,none detected
criminal-injuries-compensation-scheme-2008-eng,none detected
criminal-injuries-compensation-scheme-2012-eng,criminal injuries compensation scheme 2001
criminal-injuries-compensation-scheme-2012-eng,criminal injuries compensation scheme 1996
criminal-injuries-compensation-scheme-2012-eng,criminal injuries compensation scheme 2008
criminal-injuries-compensation-scheme-2012-eng,a20
criminal-injuries-compensation-scheme-2012-eng,a12
criminal-injuries-compensation-scheme-2012-eng,a13
criminal-injuries-compensation-scheme-2012-eng,a15
criminal-injuries-compensation-scheme-2012-eng,a16
criminal-injuries-compensation-scheme-2012-eng,a17
criminal-injuries-compensation-scheme-2012-eng,a18
criminal-injuries-compensation-scheme-2012-eng,a19
crown-court-preliminary-hearing-form-(multiple-defendants)-eng_doc,pcmh
crown-court-preliminary-hearing-form-(multiple-defendants)-eng_doc,ground rules hearing form
crown-court-preliminary-hearing-form-(multiple-defendants)-eng_doc,crown court preliminary hearing form
crown-court-preliminary-hearing-form-eng_doc,pcmh
crown-court-preliminary-hearing-form-eng_doc,ground rules hearing form
cs-a1-eng,none detected
cs-a2-eng,none detected
cs-a3-eng,none detected
cs-a4-eng,none detected
cs-a90-eng,a90
cs-a91-eng,a91
cs-p1-eng,none detected
cs-r1-eng,none detected
cs-r2-eng,none detected
cs-r3-eng,none detected
cs-r91-eng,none detected
cs-s1-eng,none detected
cs-wd-eng,none detected
cs01-eng,none detected
cs02-eng,none detected
cs03-eng,none detected
cs04-eng,none detected
d11-bil,ex160
d11-bil,ex50
d11-eng,ex160
d11-eng,ex50
d13b-bil,none detected
d13b-eng,none detected
d151-bil,none detected
d151-eng,none detected
d180-bil,none detected
d180-eng,none detected
d183-cym,ex160a
d183-cym,ex50
d183-cym,d192
d183-cym,d191
d183-cym,d184
d183-cym,cb7
d183-eng,ex160a
d183-eng,ex50
d183-eng,d192
d183-eng,d191
d183-eng,d184
d183-eng,cb7
d184-cym,ex160a
d184-cym,ex50
d184-cym,d186
d184-cym,d183
d184-cym,d89
d184-cym,cb7
d184-cym,d9a
d184-cym,d9h
d184-eng,ex160a
d184-eng,ex50
d184-eng,d186
d184-eng,d183
d184-eng,d89
d184-eng,cb7
d184-eng,d9a
d184-eng,d9h
d185-cym,d184
d185-cym,d183
d185-cym,cb1
d185-eng,d184
d185-eng,d183
d185-eng,cb1
d186-cym,d187
d186-cym,d84
d186-cym,cb7
d186-cym,d79
d186-eng,d187
d186-eng,d84
d186-eng,cb7
d186-eng,d79
d187-cym,ex160a
d187-cym,ex50
d187-cym,d36
d187-cym,d29
d187-cym,d37
d187-cym,d529
d187-cym,d537
d187-eng,ex160
d187-eng,ex50
d187-eng,d36
d187-eng,d29
d187-eng,d37
d187-eng,d529
d187-eng,d537
d190-cym,ex160a
d190-cym,ex50
d190-eng,form h
d190-eng,form e
d190-eng,form a
d190-eng,ex160a
d190-eng,ex50
d190-eng,form a
d191-cym,ex160a
d191-cym,ex50
d191-cym,d190
d191-cym,d184
d191-cym,d8n
d191-cym,cb7
d191-eng,ex160a
d191-eng,ex50
d191-eng,d190
d191-eng,d184
d191-eng,d8n
d191-eng,cb7
d192-cym,none detected
d192-eng,ex50
d192-eng,d191
d192-eng,cb7
d193-cym,ex160a
d193-cym,d508
d193-cym,d194
d193-cym,d195
d194-cym,ex160a
d194-cym,ex50
d194-cym,d508
d194-cym,d89
d194-cym,d8a
d194-cym,d9a
d194-cym,d9h
d194-cym,d510\(6\)
d195-cym,ex160a
d195-cym,ex50
d195-cym,d197
d195-cym,d196
d195-cym,d8a
d195-cym,d566
d196-cym,d197
d196-cym,d195
d196-cym,d84
d196-cym,d8a
d196-cym,d79
d196-cym,d510\(6\)
d196-cym,d580g
d197-cym,ex160a
d197-cym,ex50
d197-cym,d195
d197-cym,d36
d197-cym,d529
d197-cym,d537
d197-cym,d566
d20-bil,none detected
d20-eng,none detected
d252-bil,none detected
d252-eng,none detected
d254-bil,none detected
d254-eng,none detected
d258-bil,none detected
d258-eng,none detected
d258a-bil,none detected
d258a-eng,none detected
d258b-bil,none detected
d258b-cym,none detected
d258b-eng,none detected
d258c-bil,none detected
d258c-eng,none detected
d259-bil,none detected
d259-eng,none detected
d36-bil,none detected
d36-eng,none detected
d440-cym,ex50
d440-eng,ex50
d5-bil,none detected
d5-eng,none detected
d50-bil,none detected
d50-eng,none detected
d508-cym,none detected
d508-nodiadau-notes-cym,none detected
d50a-bil,none detected
d50a-eng,none detected
d50b-bil,none detected
d50b-eng,none detected
d50c-bil,form a1
d50c-eng,form a1
d50d-bil,form a1
d50d-eng,form a1
d50e-bil,none detected
d50e-eng,none detected
d50f-bil,none detected
d50f-eng,none detected
d50g-bil,none detected
d50g-eng,none detected
d50h-bil,none detected
d50h-eng,none detected
d50j-bil,none detected
d50j-eng,none detected
d50k-bil,none detected
d50k-eng,none detected
d580(f)-bil,none detected
d6-bil,none detected
d6-eng,none detected
d62-bil,none detected
d62-eng,none detected
d63-bil,none detected
d63-eng,none detected
d650-eng,form e
d651-eng,form e1
d70-bil,none detected
d70-eng,none detected
d8-bil,form a
d8-bil,ex160a
d8-bil,ex160
d8-bil,ex50
d8-bil,d11
d8-bil,form a
d8-eng,form a
d8-eng,ex160a
d8-eng,ex160
d8-eng,ex50
d8-eng,d11
d8-eng,form a
d8-nodiadau-d8-notes-bil,ex50
d8-nodiadau-d8-notes-bil,d192
d8-nodiadau-d8-notes-bil,d190
d8-nodiadau-d8-notes-bil,d183
d80a-bil,none detected
d80a-eng,none detected
d80b-bil,none detected
d80b-eng,none detected
d80c-bil,none detected
d80c-eng,none detected
d80d-bil,none detected
d80d-eng,none detected
d80e-bil,none detected
d80e-eng,none detected
d80f-bil,none detected
d80f-eng,none detected
d80g-bil,none detected
d80g-eng,none detected
d81-bil,ppf
d81-bil,form a
d81-bil,form a
d81-eng,ppf
d84-bil,none detected
d84-eng,none detected
d89-bil,none detected
d89-cym,none detected
d89-eng,none detected
d8a-bil,none detected
d8b-bil,none detected
d8b-eng,none detected
d8d-bil,d8n
d8d-bil,d8n notes
d8d-bil,d8n notes
d8d-eng,d8d notes
d8d-eng,d8d notes
d8d-nodiadau-d8d-notes-bil,ex50
d8d-nodiadau-d8d-notes-bil,d190
d8d-nodiadau-d8d-notes-bil,d8d
d8d-notes-eng,ex50
d8d-notes-eng,d190
d8n-bil,d8n notes
d8n-bil,d8n notes
d8n-eng,d8n notes
d8n-eng,d8n notes
d8n-nodiadau-d8n-notes-bil,form a
d8n-nodiadau-d8n-notes-bil,ex50
d8n-nodiadau-d8n-notes-bil,d191
d8n-nodiadau-d8n-notes-bil,d190
d8n-nodiadau-d8n-notes-bil,d8n
d8n-nodiadau-d8n-notes-bil,form a
d8n-notes-eng,form a
d8n-notes-eng,ex50
d8n-notes-eng,d191
d8n-notes-eng,d190
d8n-notes-eng,form a
eac1-eng,none detected
eac2-eng,none detected
eich-apel-y-camau-nesaf-cym,none detected
el1-eng,none detected
el2-eng,none detected
eld1-eng,none detected
eld2-eng,none detected
enquiry-form-(appellant)-eng,none detected
enquiry-form-(other-party)-eng,none detected
epl3-eng,none detected
epl4-eng,none detected
epl5-eng,none detected
epl6-and-epl7-eng,none detected
et1-cym,none detected
et1-eng,none detected
et1a-cym,et1
et1a-eng,none detected
et3-cym,none detected
et3-eng,none detected
eu-article-53-eng,none detected
eu-article-60-eng,none detected
ex105-bil,none detected
ex105-eng,none detected
ex107-bil,none detected
ex107-eng,none detected
ex107-gwybodaeth-ex107-info-bil,ex107
ex107-gwybodaeth-ex107-info-bil,ch7
ex107-gwybodaeth-ex107-info-bil,ex107info
ex107c-cym,ex107
ex107c-eng,ex107
ex107gn-cym,ex107
ex107gn-eng,ex107
ex108-eng,none detected
ex140-bil,none detected
ex140-eng,none detected
ex141-bil,none detected
ex141-eng,none detected
ex160-bil,none detected
ex160-eng,none detected
ex160a-bil,none detected
ex160a-eng,none detected
ex160b-eng,none detected
ex20-bil,none detected
ex20-cym,none detected
ex20-eng,n443
ex20-eng,n244
ex244-eng_doc,none detected
ex301-bil,none detected
ex301-cym,ex340
ex301-cym,ex321
ex301-cym,ex306
ex301-cym,ex303
ex301-cym,ex302
ex301-eng,ex340
ex301-eng,ex321
ex301-eng,ex306
ex301-eng,ex305
ex301-eng,ex303
ex301-eng,ex302
ex301-eng,ex160a
ex301-eng,ex50
ex302-cym,ex304
ex302-cym,ex160a
ex302-cym,ex50
ex302-eng,ex304
ex302-eng,ex160a
ex302-eng,ex50
ex303-bil,none detected
ex303-cym,none detected
ex303-eng,ex306
ex303-eng,ex305
ex303-eng,ex301
ex303-eng,ex160a
ex303-eng,ex50
ex304-bil,none detected
ex304-cym,none detected
ex304-eng,ex342
ex304-eng,ex306
ex304-eng,ex305
ex304-eng,ex3
ex305-cym,ex340
ex305-cym,ex341
ex305-cym,ex306
ex305-cym,ex160a
ex305-cym,ex160
ex305-cym,ex50
ex305-eng,ex340
ex305-eng,ex341
ex305-eng,ex306
ex305-eng,ex160a
ex305-eng,ex160
ex305-eng,ex50
ex306-cym,ex730
ex306-cym,ex342
ex306-cym,ex340
ex306-cym,ex341
ex306-cym,ex321
ex306-cym,ex305
ex306-cym,ex160a
ex306-cym,ex50
ex306-eng,ex730
ex306-eng,ex342
ex306-eng,ex340
ex306-eng,ex341
ex306-eng,ex321
ex306-eng,ex305
ex306-eng,ex160a
ex306-eng,ex160
ex306-eng,ex50
ex320-bil,none detected
ex320-cym,n443
ex320-cym,ex50
ex320-cym,ex20
ex320-eng,n443
ex320-eng,ex20
ex321-cym,ex325
ex321-cym,ex323
ex321-cym,ex324
ex321-cym,ex322
ex321-cym,ex160a
ex321-eng,ex325
ex321-eng,ex323
ex321-eng,ex324
ex321-eng,ex322
ex321-eng,ex160a
ex322-cym,n445
ex322-cym,n323
ex322-cym,n293a
ex322-cym,ex321
ex322-cym,ex160a
ex322-cym,ex50
ex322-cym,n246a
ex322-eng,n445
ex322-eng,n323
ex322-eng,n293a
ex322-eng,ex321
ex322-eng,ex160a
ex322-eng,ex50
ex322-eng,n246a
ex323-cym,ex325
ex323-cym,ex324
ex323-cym,ex321
ex323-eng,n446
ex323-eng,n337
ex323-eng,n336
ex323-eng,n244
ex323-eng,ex324
ex323-eng,ex321
ex323-eng,ex160a
ex323-eng,ex50
ex324-cym,n316
ex324-cym,n316a
ex324-cym,n39
ex324-cym,ex550
ex324-cym,ex321
ex324-cym,ex160a
ex324-cym,ex140
ex324-cym,ex141
ex324-cym,ex50
ex324-cym,n79a
ex324-eng,n316
ex324-eng,n316a
ex324-eng,n39
ex324-eng,ex550
ex324-eng,ex321
ex324-eng,ex160a
ex324-eng,ex140
ex324-eng,ex141
ex324-eng,ex50
ex324-eng,n79a
ex325-cym,n380
ex325-cym,n349
ex325-cym,n215
ex325-cym,n87
ex325-cym,ex321
ex325-cym,ex160a
ex325-cym,ex50
ex325-cym,n84
ex325-eng,n380
ex325-eng,n379
ex325-eng,n349
ex325-eng,n215
ex325-eng,n87
ex325-eng,ex321
ex325-eng,ex160a
ex325-eng,ex50
ex325-eng,n37
ex325-eng,n84
ex325-eng,n85
ex326-(print-bras)-cym,n270
ex326-(print-bras)-cym,n245
ex326-(print-bras)-cym,n244
ex326-cym,none detected
ex326-eng,n270
ex326-eng,n245
ex326-eng,n244
ex326-eng,n92
ex326-eng,ex160a
ex326-eng,ex50
ex326-eng,ex20
ex327-bil,ex325
ex327-bil,ex324
ex327-bil,ex322
ex327-bil,ex160a
ex327-bil,ex50
ex327-cym,remo20
ex327-cym,n337
ex327-cym,ex325
ex327-cym,ex324
ex327-cym,ex322
ex327-cym,ex160a
ex327-cym,ex50
ex327-cym,d62
ex327-cym,d50k
ex327-eng,remo20
ex327-eng,n337
ex327-eng,ex325
ex327-eng,ex324
ex327-eng,ex322
ex327-eng,ex160a
ex327-eng,ex50
ex327-eng,d62
ex327-eng,d50k
ex328-cym,n322b
ex328-cym,ex727
ex328-cym,ex325
ex328-cym,ex323
ex328-cym,ex324
ex328-cym,ex322
ex328-cym,ex321
ex328-cym,ex160a
ex328-cym,ex50
ex328-eng,n322b
ex328-eng,ex727
ex328-eng,ex325
ex328-eng,ex323
ex328-eng,ex324
ex328-eng,ex322
ex328-eng,ex321
ex328-eng,ex160a
ex328-eng,ex50
ex329-cym,n322b
ex329-cym,n322a
ex329-cym,ex728
ex329-cym,ex325
ex329-cym,ex323
ex329-cym,ex324
ex329-cym,ex322
ex329-cym,ex321
ex329-cym,ex50
ex329-eng,n322b
ex329-eng,n322a
ex329-eng,ex728
ex329-eng,ex325
ex329-eng,ex323
ex329-eng,ex324
ex329-eng,ex322
ex329-eng,ex321
ex329-eng,ex160a
ex329-eng,ex50
ex332-cym,none detected
ex332-eng,n215
ex332-eng,n130
ex332-eng,n133
ex332-eng,ex160a
ex332-eng,ex50
ex332-eng,n206b
ex333-cym,none detected
ex333-eng,none detected
ex340-cym,n161
ex340-cym,ex160a
ex340-cym,ex50
ex340-eng,n164
ex340-eng,n161a
ex340-eng,n161
ex340-eng,fp161a
ex340-eng,fp161
ex340-eng,ex160a
ex340-eng,ex160
ex340-eng,ex50
ex341-cym,n20
ex341-eng,n20
ex342-cym,none detected
ex342-eng,n20
ex342-eng,ex340
ex343-cym,none detected
ex343-eng,none detected
ex343a-bil,none detected
ex343a-cym,none detected
ex343a-eng,none detected
ex345-cym,ex343
ex345-eng,ex343
ex345-eng,ex160a
ex345-eng,ex50
ex345-eng,eac2
ex350-bil,none detected
ex350-cym,ex730
ex350-cym,ex370
ex350-cym,ex304
ex350-cym,ex305
ex350-cym,ex302
ex350-eng,ex302
ex350-eng,ex3
ex370-bil,ex343
ex370-bil,ex340
ex370-eng,ex343
ex370-eng,ex340
ex375-cym,n219a
ex375-cym,n219
ex375-cym,ex321
ex375-cym,ex160a
ex375-cym,ex50
ex375-eng,n219a
ex375-eng,n219
ex375-eng,ex321
ex375-eng,ex160a
ex375-eng,ex50
ex380-eng,ex343
ex381-eng,none detected
ex50-cym,ex160a
ex50-cym,ex160
ex50-cym,cb1
ex50-eng,secure data transfer
ex50-eng,ex160a
ex50-eng,ex160
ex50-eng,cb1
ex501-bil,none detected
ex503-eng,n461
ex504-eng,none detected
ex506-eng,none detected
ex50a-cym_doc,ex50
ex50a-eng_doc,secure data transfer
ex50a-eng_doc,ex50
ex550-bil,none detected
ex550-eng,none detected
ex660-eng,none detected
ex660-notes-eng,ex660
ex660-notes-eng,c21
ex670-cym_doc,none detected
ex670-eng_doc,none detected
ex670-notes-eng,ex670
ex710-cym,ex711
ex710-eng,ex711
ex711-bil,none detected
ex711-cym,ex710
ex711-eng,ex710
ex715-cym,none detected
ex725-cym,ex321
ex725-cym,ex50
ex725-eng,form f
ex725-eng,form a
ex725-eng,ex321
ex725-eng,ex50
ex725-eng,form a
ex727-cym,n471
ex727-cym,ex328
ex727-cym,ex160a
ex727-cym,ex50
ex727-eng,n471
ex727-eng,ex328
ex727-eng,ex160a
ex727-eng,ex160
ex727-eng,ex50
ex728-cym,n471a
ex728-cym,n471
ex728-cym,ex329
ex728-cym,ex160a
ex728-cym,ex50
ex728-eng,n471a
ex728-eng,n471
ex728-eng,ex329
ex728-eng,ex160a
ex728-eng,ex160
ex728-eng,ex50
ex730-cym,n180
ex730-eng,n180
ex731-cym,none detected
ex80a-bil,none detected
ex80a-eng,none detected
ex80b-eng,none detected
ex97a-eng,a13
exn161-eng_doc,none detected
exn162-eng_doc,none detected
fe15-bil,none detected
fe15-eng,none detected
fe16-bil,none detected
fe16-eng,none detected
fe17-bil,none detected
fe17-eng,none detected
fe6-cym,ex325
fe6-cym,ex160
fe6-eng,fee account
fe6-eng,ex325
fe6-eng,ex160
fe7-cym,ex325
fe7-cym,ex160
fe7-eng,fee account
fe7-eng,ex325
fe7-eng,ex160
fee-account-application-form-eng,fee account
fee-account-eng,fee account
fee-account-faqs-eng,fee account
fee-account-t_cs-eng,fee account
fee-account-t_cs-eng,fee account application form
ffurflen-6_doc,none detected
ffurflen-6,none detected
ffurflen-a-form-a-bil,form a1
ffurflen-a-form-a-bil,form a
ffurflen-a-form-a-bil,ex50
ffurflen-a-form-a-bil,form a
ffurflen-b-cym,none detected
ffurflen-cyswllt-(pleidiau-eraill)-cym,ffurflen ymholiadau
ffurflen-e-bil,ppf
ffurflen-e-bil,no.42
ffurflen-e-bil,form e
ffurflen-e-bil,form e1
ffurflen-e-bil,form e2
ffurflen-e-canllawiau-cym,none detected
ffurflen-e-nodiadau-form-e-notes-bil,none detected
ffurflen-e1-form-e1-bil,ppf
ffurflen-e1-form-e1-bil,form e1
ffurflen-e1-form-e1-bil,form e2
ffurflen-e2-form-e2-bil,form e
ffurflen-e2-form-e2-bil,form e1
ffurflen-e2-form-e2-bil,form e2
ffurflen-f-form-f-bil,none detected
ffurflen-h-form-h-bil,none detected
ffurflen-h1-form-h1-bil,form h
ffurflen-h1-form-h1-bil,form a
ffurflen-h1-form-h1-bil,form a
ffurflen-i-form-i-bil,none detected
ffurflen-p1-form-p1-bil,form p1
ffurflen-p2-form-p2-bil,none detected
ffurflen-ymholiadau-cym,none detected
fgm001-cym,fgm700
fgm001-cym,fgm006
fgm001-eng,fgm700
fgm001-eng,fgm006
fgm002-cym,fgm007
fgm003-cym,none detected
fgm003-eng,none detected
fgm004-cym,none detected
fgm005-cym,none detected
fgm005-eng,none detected
fgm006-cym,none detected
fgm006-eng,none detected
fgm007-cym,fgm700
fgm007-eng,fgm700
fgm700-amh,pl1
fgm700-amh,fl415
fgm700-amh,fgm005
fgm700-amh,fgm006
fgm700-amh,fgm002
fgm700-amh,fgm001
fgm700-amh,bd1
fgm700-ara,pl1
fgm700-ara,fl415
fgm700-ara,fgm005
fgm700-ara,fgm006
fgm700-ara,fgm003
fgm700-ara,fgm002
fgm700-ara,fgm001
fgm700-ara,bd1
fgm700-cym,pl1
fgm700-cym,fl415
fgm700-cym,fgm005
fgm700-cym,fgm006
fgm700-cym,fgm003
fgm700-cym,fgm002
fgm700-cym,fgm001
fgm700-cym,bd1
fgm700-eng,pl1
fgm700-eng,fl415
fgm700-eng,fgm005
fgm700-eng,fgm006
fgm700-eng,fgm003
fgm700-eng,fgm002
fgm700-eng,fgm001
fgm700-eng,d89
fgm700-eng,bd1
fgm700-far,pl1
fgm700-far,fl415
fgm700-far,fgm005
fgm700-far,fgm006
fgm700-far,fgm003
fgm700-far,fgm002
fgm700-far,fgm001
fgm700-far,bd1
fgm700-fre,pl1
fgm700-fre,fl415
fgm700-fre,fgm005
fgm700-fre,fgm006
fgm700-fre,fgm003
fgm700-fre,fgm002
fgm700-fre,fgm001
fgm700-fre,bd1
fgm700-som,pl1
fgm700-som,fl415
fgm700-som,fgm005
fgm700-som,fgm006
fgm700-som,fgm003
fgm700-som,fgm002
fgm700-som,fgm001
fgm700-som,bd1
fgm700-swa,pl1
fgm700-swa,fl415
fgm700-swa,fgm005
fgm700-swa,fgm006
fgm700-swa,fgm003
fgm700-swa,fgm002
fgm700-swa,fgm001
fgm700-swa,bd1
fgm700-tir,pl1
fgm700-tir,fl415
fgm700-tir,fgm005
fgm700-tir,fgm006
fgm700-tir,fgm003
fgm700-tir,fgm002
fgm700-tir,fgm001
fgm700-tir,bd1
fgm700-tur,pl1
fgm700-tur,fl415
fgm700-tur,fgm005
fgm700-tur,fgm006
fgm700-tur,fgm003
fgm700-tur,fgm002
fgm700-tur,fgm001
fgm700-tur,bd1
fgm700-urd,pl1
fgm700-urd,fl415
fgm700-urd,fgm005
fgm700-urd,fgm006
fgm700-urd,fgm003
fgm700-urd,fgm002
fgm700-urd,fgm001
fgm700-urd,bd1
fgm701-cym,fgm700
fgm701-cym,fgm005
fgm701-cym,fgm004
fgm701-cym,fgm006
fgm701-cym,fgm003
fgm701-cym,fgm007
fgm701-cym,fgm002
fgm701-cym,fgm001
fgm701-eng,fgm700
fgm701-eng,fgm005
fgm701-eng,fgm004
fgm701-eng,fgm006
fgm701-eng,fgm003
fgm701-eng,fgm007
fgm701-eng,fgm002
fgm701-eng,fgm001
fixing-sheet-eng_doc,none detected
fl401-bil,form a
fl401-bil,form a
fl401-bil,fl416
fl401-eng,form a
fl401-eng,form a
fl401-eng,fl416
fl401a-bil,fl430
fl401a-eng,fl430
fl403-bil,fl403a
fl403-eng,none detected
fl403a-bil,none detected
fl403a-eng,none detected
fl404b-cym,none detected
fl407-bil,none detected
fl407a-bil,none detected
fl407a-eng,none detected
fl410-bil,none detected
fl411-bil,none detected
fl415-bil,none detected
fl415-eng,none detected
fl430-bil,fl401a
fl430-eng,fl401a
fl431-bil,none detected
fl431-eng,none detected
fl700-cym,fl415
fl700-cym,fl401
fl700-cym,fl402
fl700-cym,fl404
fl700-cym,fl404a
fl700-eng,fl415
fl700-eng,fl401
fl700-eng,d89
fl700-eng,fl402
fl700-eng,fl404
fl700-eng,fl404a
fl701-ara,fl430
fl701-ara,fl415
fl701-ara,fl403a
fl701-ara,fl407a
fl701-ara,fl401a
fl701-ara,fl402a
fl701-ara,bd1
fl701-ben,bd1
fl701-cym,pl1
fl701-cym,fl430
fl701-cym,fl415
fl701-cym,fl403a
fl701-cym,fl407a
fl701-cym,fl401a
fl701-cym,d89
fl701-cym,fl402a
fl701-cym,bd1
fl701-eng,pl1
fl701-eng,fl430
fl701-eng,fl415
fl701-eng,fl403a
fl701-eng,fl407a
fl701-eng,fl401a
fl701-eng,d89
fl701-eng,fl402a
fl701-eng,bd1
fl701-far,fl430
fl701-far,fl415
fl701-far,fl403a
fl701-far,fl407a
fl701-far,fl401a
fl701-far,fl402a
fl701-far,bd1
fl701-pun,fl430
fl701-pun,fl415
fl701-pun,fl403a
fl701-pun,fl407a
fl701-pun,fl401a
fl701-pun,fl402a
fl701-pun,bd1
fl701-urd,n155
fl701-urd,n1c
fl701-urd,fl430
fl701-urd,fl415
fl701-urd,fl403a
fl701-urd,fl407a
fl701-urd,fl401a
fl701-urd,fl402a
fl701-urd,bd1
fm1-eng,cb7
fm1-eng,cb1
form-110-eng_doc,none detected
form-111-eng_doc,none detected
form-112-eng_doc,none detected
form-200-eng,ex160a
form-201-eng,n208
form-202-eng,n162
form-202-eng,n161a
form-202-eng,form 207
form-202-eng,ex160a
form-204-eng,t482
form-204-eng,t480
form-205-eng,none detected
form-206-eng,n161a
form-206-eng,n161
form-206-eng,form 207
form-206-eng,form 202
form-206-eng,form 200
form-206-eng,form 204
form-206-eng,form 201
form-207-eng,none detected
form-4-eng,none detected
form-56a-eng,form 56c
form-56b-eng,form 56c
form-56b-eng,form 56a
form-56c-eng,none detected
form-a-eng,form a1
form-a-eng,ex50
form-a-eng,d50h
form-a-eng,d50f
form-a-eng,d50c
form-a1-eng,form a
form-a1-eng,ex50
form-a1-eng,d50h
form-a1-eng,d50f
form-a1-eng,d50c
form-a1-eng,form a
form-a2-eng,none detected
form-b-eng,none detected
form-e-eng,none detected
form-e-notes-eng,ppf
form-e-notes-eng,form e
form-e1-eng,none detected
form-e2-eng,form e
form-e2-eng,form e1
form-edmo-eng_doc,ex160a
form-edmo-eng_doc,ex160
form-edmo-eng_doc,cb1
form-f-eng,none detected
form-h-eng,none detected
form-h1-eng,none detected
form-hhsrs-eng_doc,ex160a
form-hhsrs-eng_doc,ex160
form-hhsrs-eng_doc,cb1
form-hmo-eng_doc,ex160a
form-hmo-eng_doc,ex160
form-hmo-eng_doc,cb1
form-ho4-eng_doc,ex160a
form-ho4-eng_doc,ex160
form-ho4-eng_doc,cb1
form-i-eng,none detected
form-mo-eng_doc,ex160a
form-mo-eng_doc,ex160
form-mo-eng_doc,cb1
form-ocn-eng_doc,ex160a
form-ocn-eng_doc,ex160
form-ocn-eng_doc,cb1
form-p-eng,none detected
form-p1-eng,none detected
form-p10-eng_doc,none detected
form-p10-eng,none detected
form-p10-guidance-notes-eng,form p10
form-p2-eng,none detected
form-p9-eng_doc,none detected
form-p9-eng,none detected
form-p9-guidance-notes-eng,form p9
form-pe2-eng_doc,none detected
form-pe3-(vehicle-emissions)-eng_doc,form pe3
form-pe3-(vehicle-emissions)-guidance-eng_doc,none detected
form-pe3-eng_doc,none detected
form-pe3-guidance-eng_doc,form pe2
form-ppf-eng,ppf
form-ppf1-eng,ppf1
form-ppf1-eng,ppf
form-ppf1-eng,form ppf
form-ppf2-eng,ppf2
form-ppf2-eng,ppf
form-rp-pta-eng_doc,cb1
form-rro1-eng_doc,ex160a
form-rro1-eng_doc,ex160
form-rro1-eng_doc,cb1
form-rro2-eng_doc,form rro1
form-rro2-eng_doc,ex160a
form-rro2-eng_doc,ex160
form-rro2-eng_doc,cb1
form-rtb1-eng_doc,ex160a
form-rtb1-eng_doc,ex160
form-rtb1-eng_doc,cb1
form-rtm-eng_doc,ex160a
form-rtm-eng_doc,ex160
form-rtm-eng_doc,cb1
form-ta-eng_doc,ex160a
form-ta-eng_doc,ex160
form-ta-eng_doc,cb1
fp1-bil,none detected
fp1-eng,none detected
fp161-cym,fp161a
fp161-cym,ex160
fp161-cym,ex105
fp161-eng,fp161a
fp161-eng,ex160
fp161-eng,ex105
fp161a-cym,n161d
fp161a-cym,n161
fp161a-cym,fp202
fp161a-cym,fp201
fp161a-cym,fp161
fp161a-cym,ex340
fp161a-cym,ex160
fp161a-cym,ex50
fp161a-eng,n161d
fp161a-eng,n161
fp161a-eng,fp244
fp161a-eng,fp202
fp161a-eng,fp201
fp161a-eng,fp200
fp161a-eng,fp161
fp161a-eng,ex340
fp161a-eng,ex160
fp161a-eng,ex50
fp161b-cym,fp162a
fp161b-cym,fp162
fp161b-cym,ex340
fp161b-eng,fp162a
fp161b-eng,fp162
fp161b-eng,ex340
fp162-cym,fp244
fp162-cym,fp162a
fp162-eng,fp244
fp162-eng,fp162a
fp162a-cym,fp244
fp162a-cym,fp200
fp162a-cym,fp162
fp162a-cym,ex340
fp162a-cym,ex160
fp162a-cym,ex50
fp162a-eng,fp244
fp162a-eng,fp200
fp162a-eng,fp162
fp162a-eng,ex340
fp162a-eng,ex160
fp162a-eng,ex50
fp1a-bil,fp1
fp1a-eng,fp1
fp1b-bil,none detected
fp1b-eng,none detected
fp2-bil,a53
fp2-eng,a53
fp200-cym,n244
fp200-cym,n162
fp200-cym,n161
fp200-cym,fp244
fp200-cym,fp162
fp200-cym,fp161
fp200-cym,ex160
fp200-eng,n244
fp200-eng,n162
fp200-eng,n161
fp200-eng,fp244
fp200-eng,fp162
fp200-eng,fp161
fp200-eng,ex160
fp201-cym,n161
fp201-cym,fp161
fp201-eng,n161
fp201-eng,fp161
fp202-cym,fp201
fp202-cym,fp200
fp202-cym,fp161a
fp202-cym,fp161
fp202-cym,ex160
fp202-cym,ex105
fp202-cym,ex50
fp202-eng,fp201
fp202-eng,fp200
fp202-eng,fp161a
fp202-eng,fp161
fp202-eng,ex160
fp202-eng,ex105
fp202-eng,ex50
fp244-cym,fp244a
fp244-eng,fp244a
fp244a-cym,fp244
fp244a-cym,ex160
fp244a-eng,fp244
fp244a-eng,ex160
fp25-eng,none detected
fp3-eng,none detected
fp5-bil,none detected
fp5-eng,none detected
fp6-bil,none detected
fp6-eng,none detected
fp8-bil,none detected
fp8-eng,none detected
fp9-bil,none detected
fp9-eng,none detected
ftc1-eng,none detected
ftc2-eng,none detected
ftc2-notes-eng,ftc2
ftc3-eng,none detected
ftc3-notes-eng,ftc3
gambling-application-for-fee-remission-for-companies-eng,none detected
gambling-guidance-on-fee-remission-for-companies-eng,none detected
getting-the-best-out-of-the-court-system-eng,n325
getting-the-best-out-of-the-court-system-eng,n293a
getting-the-best-out-of-the-court-system-eng,n244
getting-the-best-out-of-the-court-system-eng,n215
getting-the-best-out-of-the-court-system-eng,n143
getting-the-best-out-of-the-court-system-eng,n142
getting-the-best-out-of-the-court-system-eng,n119
getting-the-best-out-of-the-court-system-eng,n119a
getting-the-best-out-of-the-court-system-eng,n121
getting-the-best-out-of-the-court-system-eng,n16a
getting-the-best-out-of-the-court-system-eng,n11r
getting-the-best-out-of-the-court-system-eng,n11
getting-the-best-out-of-the-court-system-eng,form a
getting-the-best-out-of-the-court-system-eng,n16
getting-the-best-out-of-the-court-system-eng,form a
getting-the-best-out-of-the-court-system-eng,n49
getting-the-best-out-of-the-court-system-eng,n54
getting-the-best-out-of-the-court-system-eng,n146
getting-the-best-out-of-the-court-system-eng,n147
getting-the-best-out-of-the-court-system-eng,n148
getting-the-best-out-of-the-court-system-eng,n206b
getting-the-best-out-of-the-court-system-eng,ex96
gmappeal-1-eng,none detected
gmappeal2-eng,none detected
going-to-a-magistrates-court-eng,none detected
ground-rules-hearing-form-(multiple-defendants)-eng_doc,pcmh
ground-rules-hearing-form-(multiple-defendants)-eng_doc,ground rules hearing form
ground-rules-hearing-form-eng_doc,pcmh
guidance-for-misc-out-of-court-payments-eng,n244
gwys-rheithgor-cym,lwfansau
hq1-eng_doc,none detected
hq1-guardianship-eng_doc,hq1
hq2-eng_doc,none detected
iaa-eng_doc,none detected
iaft-1-eng,t495
iaft-1-guide-eng,none detected
iaft-2-eng,t495
iaft-2-guide-eng,none detected
iaft-3-eng,t495
iaft-3-guide-eng,none detected
iaft-4-eng,none detected
iaft-4-guide-eng,none detected
iaft-5-eng,t495
iaft-5-guide-eng,t495
iaft-5(dia)-eng_doc,none detected
iaft-5(dia)-guide-eng,none detected
iaft-6-eng,t495
iaft-6-guide-eng,t495
iaft-7-eng,t495
iaft-7-guide-eng,t495
iaut1-eng,none detected
iaut1-guide-eng,iaut1
iaut3-eng_doc,none detected
iaut3-eng,none detected
jr1-eng_doc,jrc1
jr1-eng,none detected
jr1-guidance-eng_doc,jrc1
jr1-guidance-eng_doc,jr1
jr1-guidance-eng,jr1
jr2-eng_doc,none detected
jr2-eng,none detected
jrc1-eng_doc,none detected
jrc1-eng,none detected
jrc1-notes-eng_doc,jrc1
jrc1-notes-eng_doc,jr1
juror-charter-eng,none detected
jury-summons-form-eng,none detected
jury-summons-guide-eng,none detected
leasehold-1-eng_doc,ex160a
leasehold-1-eng_doc,ex160
leasehold-1-eng_doc,cb1
leasehold-10-eng_doc,leasehold 8
leasehold-10-eng_doc,ex160a
leasehold-10-eng_doc,ex160
leasehold-10-eng_doc,cb1
leasehold-11-eng_doc,leasehold 8
leasehold-11-eng_doc,ex160a
leasehold-11-eng_doc,ex160
leasehold-11-eng_doc,cb1
leasehold-12-eng_doc,ex160a
leasehold-12-eng_doc,ex160
leasehold-12-eng_doc,cb1
leasehold-13-eng_doc,cb1
leasehold-14-eng_doc,cb1
leasehold-15-eng_doc,cb1
leasehold-1a-eng_doc,cb1
leasehold-2-eng_doc,leasehold 7
leasehold-2-eng_doc,ex160a
leasehold-2-eng_doc,ex160
leasehold-2-eng_doc,cb1
leasehold-3-eng_doc,ex160a
leasehold-3-eng_doc,ex160
leasehold-3-eng_doc,cb1
leasehold-4-eng_doc,leasehold 7
leasehold-4-eng_doc,ex160a
leasehold-4-eng_doc,ex160
leasehold-4-eng_doc,cb1
leasehold-5-eng_doc,ex160a
leasehold-5-eng_doc,ex160
leasehold-5-eng_doc,cb1
leasehold-6-eng_doc,leasehold 1
leasehold-6-eng_doc,ex160a
leasehold-6-eng_doc,ex160
leasehold-6-eng_doc,cb1
leasehold-7-eng_doc,cb1
leasehold-8-eng_doc,cb1
leasehold-9-eng_doc,cb1
loc002-eng,n244
loc006-eng,none detected
loc009-eng,none detected
loc010-eng,none detected
loc013-eng_doc,none detected
loc014-eng,ex160a
loc014-eng,ex160
loc040-eng_doc,none detected
loc045-eng_doc,none detected
lpa-008-eng,none detected
lwfansau-cym,none detected
mc100-bil,none detected
mc100-chi,none detected
mc100-cym,none detected
mc100-cze,none detected
mc100-eng,none detected
mc100-gre,none detected
mc100-guj,none detected
mc100-hin,none detected
mc100-hrv,none detected
mc100-kur,none detected
mc100-pol,none detected
mc100-por,none detected
mc100-pun,none detected
mc100-spa,forma
mc100-srp,none detected
mc100-tur,none detected
mc100-urd,none detected
mc100-zho,none detected
mc102-eng,none detected
mc150-bil,none detected
mc150-eng,none detected
mcol-guide-eng,n279
mcol-guide-eng,n244
mcol-guide-eng,n225a
mcol-guide-eng,n225
mcol-guide-eng,n215
mcol-guide-eng,ex350
mcol-guide-eng,ex345
mcol-guide-eng,ex322
mcol-guide-eng,ex321
mcol-guide-eng,ex306
mcol-guide-eng,ex304
mcol-guide-eng,ex305
mcol-guide-eng,ex301
mcol-guide-eng,ex160a
mcol-guide-eng,ex50
mercantile-directions-eng_doc,none detected
mercantile-template-1-eng_doc,none detected
mercantile-template-2-eng_doc,none detected
mercantile-template-3-eng_doc,none detected
mercantile-template-4-eng_doc,none detected
mercantile-template-5-eng_doc,none detected
mercantile-template-6-eng_doc,none detected
mps-expenses-notice-of-appeal-eng,none detected
mynd-i-lys-ynadon-cym,none detected
n1-bil,none detected
n1-eng,none detected
n1(cc)-eng,n1\(cc\)
n1(ccfl)-eng,n1\(ccfl\)
n1(chfl)-eng,n1\(chfl\)
n1(fd)-bil,n1\(fd\)
n11-bil,none detected
n11-eng,form i
n110a-cym,none detected
n110a-eng,none detected
n117-bil,none detected
n117-cym,none detected
n117-eng,none detected
n119-bil,none detected
n119-eng,none detected
n119a-bil,none detected
n119a-eng,n119
n11b-bil,none detected
n11b-eng,none detected
n11d-bil,none detected
n11d-eng,none detected
n11m-bil,none detected
n11m-eng,none detected
n11r-bil,none detected
n11r-eng,none detected
n120-bil,none detected
n120-eng,none detected
n121-bil,none detected
n121-eng,none detected
n122-bil,none detected
n122-eng,none detected
n123-eng,none detected
n130-bil,none detected
n130-eng,none detected
n133-bil,none detected
n133-eng,none detected
n139-eng,none detected
n142-eng,none detected
n143-eng,none detected
n149-bil,n152
n149a-eng,n180
n149a-eng,ex50
n149b-eng,n181
n149b-eng,ex50
n149c-eng,n181
n149c-eng,ex50
n15-bil,none detected
n15-eng,none detected
n150-bil,pf52
n150-bil,ex305
n151-bil,none detected
n154-eng,none detected
n155-eng,ex305
n157-eng,ex306
n159-eng,none detected
n16-eng,none detected
n16(1)-eng,n16\(1\)
n16(1)-eng,n16
n161-bil,n161a
n161-eng,n161a
n161a-bil,n460
n161a-bil,n164
n161a-bil,n161
n161a-bil,ex340
n161a-cym,n460
n161a-cym,n244
n161a-eng,n460hc
n161a-eng,n460
n161a-eng,n244
n161a-eng,n164
n161a-eng,n161
n161a-eng,fp161
n161a-eng,form 207
n161a-eng,form 204
n161a-eng,ex340
n161b-bil,none detected
n161b-eng,n163
n161b-eng,n162
n161c-bil,n161a
n161c-bil,n161
n161c-eng,n161
n161d-cym,none detected
n161d-eng,n244
n161d-eng,n161
n161d-eng,fp201
n161d-eng,fp161a
n161d-eng,fp161
n161d-eng,ex340
n161d-eng,ex160
n162-bil,none detected
n162-eng,n244
n162a-bil,none detected
n162a-eng,none detected
n163-bil,none detected
n164-bil,n460
n164-eng,n460
n16a-bil,none detected
n16a-eng,none detected
n170-bil,none detected
n170-eng,none detected
n172-eng,none detected
n180-bil,n149a
n180-bil,ex342
n180-bil,ex306
n180-eng,n149a
n180-eng,ex342
n180-eng,ex306
n181-bil,n263
n181-bil,ex305
n181-eng,n263
n181-eng,ex305
n182-eng_doc,n244
n1a-bil,none detected
n1a-eng,none detected
n1c-bil,none detected
n1c-eng,none detected
n1c(cc)-eng,n1c
n1c(cc)-eng,n1c\(cc\)
n1c(ccchfl)-eng,n9\(ccfl\)
n1c(ccchfl)-eng,n1c
n1c(ccchfl)-eng,n1c\(ccchfl\)
n1d-bil,n9a
n1d-bil,n9c
n1d-bil,n9b
n1d-bil,n9d
n1d-eng,none detected
n1fd-eng,n9c
n1fd-eng,n9d
n1fd-eng,n1\(fd\)
n1sdt-eng,n9a
n1sdt-eng,n9b
n2-bil,none detected
n2-eng,none detected
n20-bil,none detected
n20-eng,none detected
n205a-eng,none detected
n205d-eng,none detected
n208-bil,none detected
n208-eng,none detected
n208(cc)-eng,n208
n208(cc)-eng,n208\(cc\)
n208(ccfl)-eng,n208
n208(ccfl)-eng,n208\(ccfl\)
n208(chfl)-eng,n208
n208(chfl)-eng,n208\(chfl\)
n208a-bil,none detected
n208a-eng,none detected
n208c-bil,none detected
n208c-eng,none detected
n208c(cc)-bil,n208c\(cc\)
n208c(cc)-bil,n208c
n208c(cc)-eng,n208c\(cc\)
n208c(cc)-eng,n208c
n208pc-eng,none detected
n209a-eng,none detected
n210-bil,none detected
n210-eng,none detected
n210(cc)-eng,n210
n210(cc)-eng,n210\(cc\)
n210(ccfl)-eng,n210\(ccfl\)
n210(ccfl)-eng,n210
n210(chfl)-eng,n210
n210(chfl)-eng,n210\(chfl\)
n210a-bil,none detected
n210a-eng,none detected
n210b-eng,none detected
n210c-eng,none detected
n210pc-eng,n464
n211-bil,none detected
n211-eng,none detected
n211(cc)-eng,n211
n211(cc)-eng,n211\(cc\)
n211(ccfl)-eng,n211
n211(ccfl)-eng,n211\(ccfl\)
n211(chfl)-eng,n211
n211(chfl)-eng,n211\(chfl\)
n211a-eng,none detected
n211c-bil,none detected
n211c-eng,n244
n211c-eng,n213
n211c-eng,n9a
n211c-eng,n9c
n211c-eng,n9b
n211c-eng,n9d
n211c(cc)-eng,n211c\(cc\)
n211c(cc)-eng,n211c
n211c(cc)-nodiadau-cym,n211c\(cc\)
n211c(cc)-nodiadau-cym,n211c
n213-bil,none detected
n213-eng,none detected
n213(cc)-bil,none detected
n213(cc)-eng,n213
n213(cc)-eng,n213\(cc\)
n213(ccfl)-eng,n213
n213(ccfl)-eng,n213\(ccfl\)
n213(chfl)-eng,n213
n213(chfl)-eng,n213\(chfl\)
n215-bil,none detected
n215-eng,none detected
n215pc-eng,n215
n218-bil,none detected
n218-eng,none detected
n219-eng,none detected
n219a-eng,none detected
n224-bil,none detected
n224-eng,none detected
n225-bil,none detected
n225-eng,n9a
n225a-eng,n9a
n225a-eng,n9b
n226-eng,none detected
n227-bil,none detected
n227-eng,none detected
n228-cym,none detected
n228-eng,none detected
n235-bil,none detected
n235-eng,none detected
n24-eng,none detected
n242-bil,none detected
n242-eng,n242a
n242a-bil,none detected
n242a-eng,none detected
n244-bil,n244notes
n244-eng,n244notes
n244-nodiadau-n244-notes-bil,n244
n244-notes-eng,n244
n244-notes-eng,ex160a
n244(cc)-eng,n244\(cc\)
n244(cc)-eng,n244
n244(ccfl)-eng,n244\(ccfl\)
n244(ccfl)-eng,n244
n244(chfl)-eng,n244\(chfl\)
n244(chfl)-eng,n244
n245-bil,none detected
n245-eng,none detected
n251-bil,none detected
n251-eng,none detected
n252-eng,none detected
n253-bil,none detected
n253a-eng,none detected
n254-eng,none detected
n255(cc)-cym,none detected
n255(cc)-eng,n255
n255(hc)-cym,none detected
n255(hc)-eng,none detected
n256(cc)-cym,none detected
n256(cc)-eng,n256
n256(hc)-eng,n256
n258-bil,none detected
n258-eng,none detected
n258a-bil,none detected
n258a-eng,none detected
n258b-bil,none detected
n258b-eng,none detected
n258c-bil,none detected
n258c-eng,none detected
n259-eng,none detected
n260-bil,none detected
n260-eng,none detected
n261-eng,none detected
n263-eng,n264
n264-bil_doc,none detected
n264-eng_doc,none detected
n265-bil,none detected
n265-eng,none detected
n265(cc)-eng,none detected
n265(ccfl)-eng,n265\(ccfl\)
n265(ccfl)-eng,n265
n265(chfl)-eng,n265\(chfl\)
n265(chfl)-eng,n265
n266-eng,none detected
n268-eng,none detected
n270-cym,none detected
n270-eng,n92
n279-eng,none detected
n285-bil,none detected
n285-eng,none detected
n292-eng,none detected
n293a-bil,none detected
n293a-eng,none detected
n294-bil,none detected
n294-eng,none detected
n2a-bil,none detected
n2a-eng,none detected
n2b-eng,none detected
n3-bil,none detected
n3-eng,none detected
n30-eng,none detected
n30(ch)-eng,n30
n316-bil,none detected
n316-cym,ex140
n316-eng,ex140
n316a-bil,ex141
n316a-eng,ex141
n322a-bil,none detected
n322a-eng,none detected
n322a-guidance-notes-eng,n322a
n322a-nodiadau-n322a-notes-bil,n322a
n322b-bil,n322a
n322b-eng,n322a
n322b-guidance-notes-eng,n322b
n322b-nodiadau-n322b-notes-bil,n322b
n323-bil,none detected
n323-eng,none detected
n324-bil,none detected
n324-eng,none detected
n325-bil,none detected
n325-eng,none detected
n325a-eng,none detected
n331-eng_doc,none detected
n336-bil,none detected
n336-eng,none detected
n337-bil,none detected
n337-eng,none detected
n342-bil,none detected
n342-eng,none detected
n344-eng,none detected
n349-bil,none detected
n349-eng,none detected
n358-eng_doc,none detected
n379-bil,fee account
n379-bil,ex325
n379-bil,ex160
n379-eng,fee account
n379-eng,ex325
n379-eng,ex160
n380-cym,ex325
n380-cym,ex160
n380-eng,fee account
n380-eng,ex325
n380-eng,ex160
n39-eng,none detected
n434-bil,none detected
n434-eng,none detected
n440-bil,none detected
n440-eng,none detected
n441-bil,none detected
n441-eng,none detected
n443-bil,none detected
n443-eng,none detected
n445-bil,none detected
n445-eng,none detected
n446-bil,none detected
n446-eng,none detected
n460-eng,none detected
n460hc-eng,none detected
n461-bil,none detected
n461-eng,n463
n461-nodiadau-n461-notes-bil,n461
n461-notes-eng,none detected
n461pc-eng,n463pc
n462-bil,none detected
n462-eng,n464
n462pc-eng,n464pc
n463-bil,none detected
n463-eng,n461
n463pc-eng,n461pc
n464-bil,none detected
n464-eng,none detected
n464pc-eng,none detected
n465-bil,n464
n465-eng,n464
n465pc-eng,n464pc
n471-bil,none detected
n471-eng,none detected
n471a-eng,none detected
n5-bil,none detected
n5-eng,none detected
n500-eng,none detected
n500a-eng,none detected
n500b-eng,none detected
n501-eng,none detected
n501a-eng,none detected
n501b-eng,none detected
n502-eng,none detected
n503-eng,none detected
n504-eng,none detected
n510-bil,none detected
n510-eng,n1d
n56-bil,none detected
n56-eng,none detected
n5a-bil,none detected
n5a-eng,none detected
n5b-bil,n11b
n5b-eng,n11b
n5c-bil,form a
n5c-bil,form a
n6-bil,none detected
n6-eng,none detected
n67-eng,none detected
n7-bil,none detected
n7-eng,none detected
n77-eng,none detected
n7a-bil,none detected
n7a-eng,n244
n7b-bil,none detected
n7b-eng,n244
n7d-bil,none detected
n7d-eng,none detected
n8-eng,none detected
n86-eng,none detected
n87-eng,none detected
n8a-bil,none detected
n8a-eng,n15
n8b-bil,none detected
n8b-eng,none detected
n9-bil,n9a
n9-bil,n9c
n9-bil,n9b
n9-bil,n9d
n9-eng,n9a
n9-eng,n9c
n9-eng,n9b
n9-eng,n9d
n9(cc)-bil,n9\(cc\)
n9(cc)-eng,n9\(cc\)
n9(ccch)-eng,none detected
n9(ccfl)-eng,n9\(ccfl\)
n92-bil,none detected
n92-eng,n270
n93-bil,none detected
n93-eng,none detected
n9a-bil,none detected
n9a-eng,n9b
n9b-bil,none detected
n9b-eng,none detected
n9c-bil,none detected
n9c-eng,none detected
n9d-bil,none detected
n9d-eng,none detected
no_doc,none detected
no,n208
notice-of-intention-to-pursue-an-appeal-eng,none detected
pa1-bil,pa3
pa1-bil,pa4
pa1-bil,pa2
pa1-bil,pa1a
pa1-bil,d11
pa1-bil,c10
pa1-bil,c10a
pa1-eng,pa3
pa1-eng,pa4
pa1-eng,pa2
pa1-eng,no.65
pa10-cym,pa9
pa10-cym,pa8a
pa10-cym,pa8
pa10-cym,pa7a
pa10-cym,pa3
pa10-cym,pa5
pa10-cym,pa4
pa10-cym,pa7
pa10-cym,pa6
pa10-cym,pa2
pa10-cym,pa1
pa10-cym,pa1s
pa10-cym,pa1a
pa10-cym,pa1t
pa1a-bil,none detected
pa1s-bil,none detected
pa1s-eng,none detected
pa1t-bil,none detected
pa2-cym,pa9
pa2-cym,pa10
pa2-cym,pa8a
pa2-cym,pa8
pa2-cym,pa7a
pa2-cym,pa3
pa2-cym,pa4
pa2-cym,pa7
pa2-cym,pa1
pa2-cym,pa1s
pa2-cym,pa1a
pa2-cym,pa1t
pa2-eng,pa97
pa2-eng,pa9
pa2-eng,pa10
pa2-eng,pa8a
pa2-eng,pa8
pa2-eng,pa7a
pa2-eng,pa3
pa2-eng,pa4
pa2-eng,pa7
pa2-eng,pa1
pa2-eng,pa1s
pa3-bil,none detected
pa3-eng,pa1
pa3-eng,ex160a
pa4-bil,pa2
pa4-eng,none detected
pa5-cym,pa9
pa5-cym,pa10
pa5-cym,pa8a
pa5-cym,pa8
pa5-cym,pa7a
pa5-cym,pa3
pa5-cym,pa4
pa5-cym,pa7
pa5-cym,pa6
pa5-cym,pa2
pa5-cym,pa1
pa5-cym,pa1s
pa5-cym,pa1a
pa5-eng,pa9
pa5-eng,pa10
pa5-eng,pa8a
pa5-eng,pa8
pa5-eng,pa7a
pa5-eng,pa3
pa5-eng,pa4
pa5-eng,pa7
pa5-eng,pa6
pa5-eng,pa2
pa5-eng,pa1s
pa5-eng,pa1a
pa6-cym,pa9
pa6-cym,pa10
pa6-cym,pa8a
pa6-cym,pa8
pa6-cym,pa7a
pa6-cym,pa5
pa6-cym,pa4
pa6-cym,pa7
pa6-cym,pa1s
pa7-cym,pa9
pa7-cym,pa10
pa7-cym,pa8a
pa7-cym,pa8
pa7-cym,pa7a
pa7-cym,pa3
pa7-cym,pa5
pa7-cym,pa4
pa7-cym,pa6
pa7-cym,pa2
pa7-cym,pa1
pa7-cym,pa1s
pa7-cym,pa1a
pa7-eng,pa9
pa7-eng,pa10
pa7-eng,pa8a
pa7-eng,pa8
pa7-eng,pa7a
pa7-eng,pa3
pa7-eng,pa5
pa7-eng,pa4
pa7-eng,pa6
pa7-eng,pa2
pa7-eng,pa1s
pa7-eng,pa1a
pa7a-eng,none detected
pa8-cym,pa9
pa8-cym,pa10
pa8-cym,pa8a
pa8-cym,pa7a
pa8-cym,pa3
pa8-cym,pa5
pa8-cym,pa4
pa8-cym,pa7
pa8-cym,pa6
pa8-cym,pa2
pa8-cym,pa1
pa8-cym,pa1s
pa8-cym,pa1a
pa8-eng,pa9
pa8-eng,pa10
pa8-eng,pa8a
pa8-eng,pa7a
pa8-eng,pa3
pa8-eng,pa4
pa8-eng,pa7
pa8-eng,pa2
pa8-eng,pa1s
pa8-eng,pa1a
pa8a-eng,none detected
pa9-cym,pa10
pa9-cym,pa8a
pa9-cym,pa8
pa9-cym,pa7a
pa9-cym,pa3
pa9-cym,pa5
pa9-cym,pa4
pa9-cym,pa7
pa9-cym,pa6
pa9-cym,pa2
pa9-cym,pa1
pa9-cym,pa1s
pa9-cym,pa1a
pa97-bil_doc,pa1
pa97-bil_doc,pa1s
pa97-eng_doc,pa1
pa97-eng_doc,pa1s
pc001-(birmingham)-eng,ex160
pc001-(cardiff)-eng,ex160
pc001-(leeds)-eng,ex160
pc001-(london)-eng,ex160
pc001-(manchester)-eng,ex160
pcmh-bil_doc,none detected
pcpf244-eng,none detected
pf1-eng_doc,n244
pf10-eng_doc,none detected
pf102-eng_doc,none detected
pf103-eng_doc,none detected
pf104-eng_doc,none detected
pf105-eng_doc,none detected
pf106-eng_doc,none detected
pf11-eng_doc,n244
pf113-eng_doc,none detected
pf120a-eng,none detected
pf120b-eng_doc,pf120a
pf130-eng_doc,none detected
pf141-eng_doc,none detected
pf147-eng_doc,n244
pf148-eng_doc,none detected
pf149-eng_doc,n244
pf150-eng_doc,none detected
pf152-eng_doc,none detected
pf153-eng_doc,none detected
pf154-eng_doc,none detected
pf156-eng_doc,none detected
pf157-eng_doc,none detected
pf159a-eng_doc,none detected
pf159b-eng_doc,none detected
pf159c-eng_doc,none detected
pf159d-eng_doc,none detected
pf159e-eng_doc,none detected
pf16-eng_doc,none detected
pf160-eng_doc,none detected
pf163-eng_doc,none detected
pf164a-eng_doc,none detected
pf164b-eng_doc,none detected
pf165-eng_doc,none detected
pf166-eng_doc,none detected
pf167-eng_doc,none detected
pf168-eng_doc,none detected
pf168a-eng_doc,none detected
pf17-eng_doc,none detected
pf170a-eng_doc,n292
pf170a-eng_doc,n208
pf170b-eng_doc,n292
pf170b-eng_doc,n244
pf172-eng_doc,none detected
pf177-eng_doc,none detected
pf179-eng_doc,none detected
pf180-eng_doc,none detected
pf180a-eng_doc,none detected
pf180b-eng_doc,none detected
pf181-eng_doc,none detected
pf182-eng_doc,none detected
pf183-eng_doc,none detected
pf184-eng_doc,n208
pf185-eng_doc,none detected
pf186-eng_doc,none detected
pf187-eng_doc,n208
pf188-eng_doc,none detected
pf19-eng_doc,none detected
pf197-eng_doc,n244
pf198-eng_doc,none detected
pf2-eng_doc,none detected
pf205-eng_doc,none detected
pf20a-eng_doc,n244
pf20b-eng_doc,n244
pf21-eng_doc,none detected
pf22-eng_doc,none detected
pf23-eng_doc,none detected
pf24-eng_doc,none detected
pf244-bil_doc,none detected
pf244-eng_doc,none detected
pf25-eng_doc,n244
pf25-eng_doc,n208
pf26-eng_doc,n244
pf27-eng_doc,n244
pf28-eng_doc,none detected
pf29-eng_doc,none detected
pf3-eng_doc,n244
pf30-eng_doc,none detected
pf31-eng_doc,none detected
pf32-eng_doc,none detected
pf34-eng_doc,none detected
pf4-eng_doc,none detected
pf43-eng_doc,n244
pf44-eng_doc,none detected
pf48-eng_doc,none detected
pf49-eng,none detected
pf5-eng_doc,none detected
pf50-eng,pf244
pf50-eng,pf52
pf50-eng,n244
pf52-eng_doc,none detected
pf52a-eng_doc,pf52
pf53-eng_doc,none detected
pf56-eng_doc,none detected
pf57-eng_doc,n244
pf58-eng_doc,none detected
pf63-eng_doc,none detected
pf67-eng_doc,none detected
pf68-eng_doc,none detected
pf6a-eng_doc,n244
pf6b-eng_doc,none detected
pf71-eng_doc,none detected
pf72-eng_doc,none detected
pf74-eng_doc,none detected
pf78-eng_doc,none detected
pf7a-eng_doc,none detected
pf7b-eng_doc,none detected
pf8-eng_doc,n181
pf83-eng_doc,none detected
pf84a-eng_doc,none detected
pf84b-eng_doc,none detected
pf84c-eng_doc,n244
pf84d-eng_doc,none detected
pf85a-eng_doc,n244
pf85b-eng_doc,none detected
pf86-eng_doc,none detected
pf86a-eng_doc,none detected
pf87-eng_doc,none detected
pf88-eng_doc,none detected
pf89-eng_doc,none detected
pf9-eng,n244
pf90a-eng_doc,none detected
pf90b-eng_doc,none detected
pf90c-eng_doc,none detected
pf91-eng_doc,n244
pf92-eng_doc,none detected
pf97-eng_doc,none detected
ph1-eng_doc,ph15
ph1-eng_doc,ph14
ph1-eng_doc,ex160a
ph1-eng_doc,ex160
ph1-eng_doc,cb1
ph10-eng_doc,ex160a
ph10-eng_doc,ex160
ph10-eng_doc,cb1
ph11-eng_doc,ex160a
ph11-eng_doc,ex160
ph11-eng_doc,cb1
ph12-eng_doc,ph4
ph12-eng_doc,ex160a
ph12-eng_doc,ex160
ph12-eng_doc,cb1
ph13-eng_doc,ex160a
ph13-eng_doc,ex160
ph13-eng_doc,cb1
ph14-eng_doc,ex160a
ph14-eng_doc,ex160
ph14-eng_doc,cb1
ph15-eng_doc,ex160a
ph15-eng_doc,ex160
ph15-eng_doc,cb1
ph16-eng_doc,ex160a
ph16-eng_doc,ex160
ph16-eng_doc,cb1
ph17-eng_doc,ex160a
ph17-eng_doc,ex160
ph17-eng_doc,cb1
ph18-eng_doc,ex160a
ph18-eng_doc,ex160
ph18-eng_doc,cb1
ph19-eng_doc,ex160a
ph19-eng_doc,ex160
ph19-eng_doc,cb1
ph2-eng_doc,ph15
ph2-eng_doc,ph14
ph2-eng_doc,ex160a
ph2-eng_doc,ex160
ph2-eng_doc,cb1
ph3-eng_doc,ex160a
ph3-eng_doc,ex160
ph3-eng_doc,cb1
ph4-eng_doc,ex160a
ph4-eng_doc,ex160
ph4-eng_doc,cb1
ph5-eng_doc,ex160a
ph5-eng_doc,ex160
ph5-eng_doc,cb1
ph6-eng_doc,ex160a
ph6-eng_doc,ex160
ph6-eng_doc,cb1
ph7-eng_doc,ex160a
ph7-eng_doc,ex160
ph7-eng_doc,cb1
ph8-eng_doc,ex160a
ph8-eng_doc,ex160
ph8-eng_doc,cb1
ph9-eng_doc,ex160a
ph9-eng_doc,ex160
ph9-eng_doc,cb1
phl-guide-eng,none detected
pl1-eng,none detected
pl2-eng,none detected
plo1-eng_doc,none detected
plo2-eng_doc,none detected
plo3-eng_doc,c23
plo3-eng_doc,c22
plo3-eng_doc,c49
plo4-eng_doc,none detected
plo5-eng,none detected
plo6-eng,none detected
plo8-eng_doc,none detected
plo9-eng_doc,none detected
plp10-eng_doc,none detected
poac1-eng,none detected
ppf-bil,form ppf
ppf1-bil,ppf
ppf1-bil,form ppf1
ppf1-bil,form ppf
ppf2-bil,ppf
ppf2-bil,form ppf2
pra-cancellation-form-eng_doc,none detected
pra-form-eng_doc,none detected
pre-trial-checklist-eng_doc,form h
precedent-h-guidance-notes-eng_doc,none detected
progress-monitoring-information-sheet-eng_doc,d12
qbd-oha-eng_doc,none detected
remo-10-eng_doc,none detected
remo-11-eng_doc,none detected
remo-12-eng_doc,none detected
remo-13-eng_doc,none detected
remo-20-eng,remo20
remo-7-eng,none detected
remo-7-notes-eng,none detected
remo-8-eng,none detected
remo-8-notes-eng,none detected
remo-9-eng_doc,none detected
remo20-cym,none detected
rent-3-eng,none detected
rents-1-eng_doc,cb1
rents-2-eng_doc,cb1
rents-3-eng_doc,cb1
rta1-eng,none detected
rta2-eng,none detected
rta3-eng,none detected
rta4-eng,none detected
rta5-eng,none detected
rta6-rta-7-eng,none detected
scco-eng,n258
scco-eng,n254
scco-eng,n252
scco-eng,n255
sd1-eng_doc,form 4
sd2-eng_doc,none detected
sd3-eng_doc,none detected
sd4-eng_doc,none detected
secure-data-transfer-eng,none detected
send1-eng,n19
send10-eng,none detected
send11-eng,none detected
send11yp-eng,send7
send12-eng,none detected
send14-eng,none detected
send15-eng,send17
send15-eng,send16
send15a-eng,send17
send15ayp-eng,none detected
send15yp-eng,send16
send16-eng,send17
send16a-eng,send17
send16a-eng,send15a
send17-eng,send15a
send17-eng,send16a
send18-eng,none detected
send1a-eng,none detected
send2-eng,none detected
send20-eng,send20c
send20-eng,send20a
send20-eng,send20b
send20a-eng,form a
send20a-eng,form a
send20b-eng,form b
send20c-eng,none detected
send21-eng,none detected
send22-eng,none detected
send23-eng,none detected
send24-eng,send24a
send24-eng,send1a
send24a-eng,none detected
send24b-eng,none detected
send25-eng,n19
send26a-eng,none detected
send26b-eng,none detected
send27-eng,none detected
send28-eng,none detected
send28a-eng,none detected
send28b-eng,none detected
send3-eng,none detected
send30-eng,none detected
send4-eng,none detected
send4a-eng,none detected
send4b-eng,none detected
send5-eng,none detected
send6-eng,none detected
send7-eng,none detected
send8-eng,none detected
send9-eng,none detected
sscs1-(large-print)-eng,sscs3
sscs1-(large-print)-eng,sscs2
sscs1-(large-print)-eng,sscs1a
sscs1-(large-print)-eng,sscs1
sscs1-(large-print)-eng,bd1
sscs1-(print-bras)-cym,sscs3
sscs1-(print-bras)-cym,sscs2
sscs1-(print-bras)-cym,sscs1a
sscs1-(print-bras)-cym,sscs1
sscs1-(print-bras)-cym,bd1
sscs1-cym,sscs3
sscs1-cym,sscs2
sscs1-cym,sscs1a
sscs1-cym,bd1
sscs1-eng,sscs3
sscs1-eng,sscs2
sscs1-eng,sscs1a
sscs1-eng,bd1
sscs1a-(large-print)-eng,sscs3
sscs1a-(large-print)-eng,sscs2
sscs1a-(large-print)-eng,sscs1a
sscs1a-(large-print)-eng,sscs1
sscs1a-(large-print)-eng,bd1
sscs1a-cym,sscs3
sscs1a-cym,sscs2
sscs1a-cym,sscs1
sscs1a-cym,bd1
sscs1a-eng,sscs3
sscs1a-eng,sscs2
sscs1a-eng,sscs1
sscs1a-eng,bd1
sscs2-(large-print)-eng,sscs2
sscs2-(large-print)-eng,sscs1a
sscs2-(large-print)-eng,sscs1
sscs2-(large-print)-eng,bd1
sscs2-(print-bras)-cym,sscs2
sscs2-(print-bras)-cym,sscs1a
sscs2-(print-bras)-cym,sscs1
sscs2-(print-bras)-cym,bd1
sscs2-cym,sscs1a
sscs2-cym,sscs1
sscs2-cym,bd1
sscs2-eng,sscs1a
sscs2-eng,sscs1
sscs2-eng,bd1
sscs3-eng,sscs2
sscs3-eng,sscs1a
sscs3-eng,sscs1
sscs3-eng,bd1
sscs4-eng,sscs3
sscs4-eng,sscs2
sscs4-eng,sscs1a
sscs4-eng,sscs1
sscs4-eng,bd1
sscs5-eng,sscs5a
sscs5-eng,bd1
sscs5a-eng,sscs5
sscs5a-eng,bd1
sscs6-cym,sscs6a
sscs6-cym,bd1
sscs6-eng,sscs6a
sscs6-eng,bd1
sscs6a-cym,sscs6
sscs6a-cym,bd1
sscs6a-eng,sscs6
sscs6a-eng,bd1
t001-cym,none detected
t001-eng,ex343
t002-cym,none detected
t002-eng,none detected
t003-eng,none detected
t005-cym,none detected
t005-eng,none detected
t006-cym,t002
t006-eng,none detected
t03-eng,none detected
t04-eng,none detected
t10-eng,none detected
t108-eng,none detected
t108a-eng,none detected
t108b-eng,t108
t11-eng,none detected
t110-eng_doc,none detected
t110-guardianship-eng_doc,none detected
t111-eng_doc,none detected
t112-eng,none detected
t113-eng_doc,none detected
t114-eng,none detected
t116-notes-eng,none detected
t117-eng,none detected
t118-cym,none detected
t118-eng,none detected
t12-eng,none detected
t120-eng,none detected
t121-eng,none detected
t122-eng,none detected
t123-eng,t128
t127-eng,none detected
t128-eng_doc,none detected
t129-eng,none detected
t130-eng,none detected
t131-eng,none detected
t132-eng,none detected
t133-eng,none detected
t134-eng,none detected
t135-eng,none detected
t136-eng,none detected
t137-eng,none detected
t138-eng,none detected
t139-eng,none detected
t140-eng,none detected
t141-eng,none detected
t142-eng,none detected
t143-eng,none detected
t144-eng,none detected
t170-eng,none detected
t171-eng,none detected
t172-eng,none detected
t173-eng,none detected
t200-eng,none detected
t211-bil,none detected
t239-eng,none detected
t240-eng,none detected
t241-eng,none detected
t242-eng,none detected
t243-eng,none detected
t244-eng,none detected
t245-eng,none detected
t246-eng,none detected
t247-eng,none detected
t248-eng,none detected
t249-eng,none detected
t251-eng,mps expenses notice of appeal
t252-eng,none detected
t35-eng_doc,none detected
t359-eng,none detected
t36-eng,t35
t362-eng,none detected
t37-eng,none detected
t370-eng,none detected
t371-eng,none detected
t372-eng,none detected
t373-eng,none detected
t374-eng,none detected
t375-eng,none detected
t379-eng,none detected
t38-eng,none detected
t380-eng_doc,none detected
t381-eng,none detected
t382-eng_doc,none detected
t382-eng,none detected
t383-eng_doc,none detected
t383-eng,none detected
t384-eng_doc,form a
t384-eng_doc,form a
t384-eng,form a
t384-eng,form a
t385-eng,none detected
t386-eng,none detected
t399-eng,none detected
t400-eng,ftc3
t410-eng_doc,none detected
t411-eng_doc,none detected
t412-eng,none detected
t415-eng,none detected
t420-cym,ex160a
t420-cym,et1
t420-cym,ch41
t420-cym,ch4
t420-cym,ch1
t420-eng,et1
t420-eng,ch41
t420-eng,ch4
t420-eng,ch1
t421-cym,ex343
t421-eng,t424
t421-eng,ex343
t422-cym,lwfansau
t422-cym,ex343
t422-cym,et1
t422-eng,ex343
t422-eng,et1
t423-cym,ex343
t423-cym,et1
t423-eng,ex343
t423-eng,et1
t424-cym,lwfansau
t424-cym,ex343
t424-eng,ex343
t425-cym,lwfansau
t425-cym,ex160a
t425-eng,none detected
t426-cym,ex727
t426-cym,ex328
t426-eng,t440
t426-eng,ex727
t426-eng,ex328
t434-eng,none detected
t439-eng,tsf4
t440-eng,et3
t440-eng,et1
t443-eng,none detected
t444-eng,et3
t444-eng,et1
t445-eng,none detected
t450-cym,t455
t450-cym,ex160a
t450-cym,ex160
t450-eng,t455
t450-eng,ex160a
t450-eng,ex160
t451-cym,t466
t451-cym,t467
t451-cym,t468
t451-cym,ex160a
t451-cym,ex160
t451-eng,t466
t451-eng,t467
t451-eng,t468
t451-eng,ex160a
t451-eng,ex160
t452-eng,none detected
t453-cym,none detected
t453-eng,none detected
t454-cym,t466
t454-cym,t467
t454-cym,t468
t454-cym,ex160a
t454-cym,ex160
t454-eng,t466
t454-eng,t467
t454-eng,t468
t454-eng,ex160a
t454-eng,ex160
t455-eng,none detected
t464-cym,none detected
t464-eng,t455
t464-eng,ex160a
t464-eng,ex160
t465-cym,t466
t465-cym,t467
t465-cym,t468
t465-cym,ex160a
t465-cym,ex160
t465-eng,t466
t465-eng,t467
t465-eng,t468
t465-eng,ex160a
t465-eng,ex160
t466-eng,none detected
t467-eng,none detected
t468-eng,none detected
t469-eng,none detected
t470-eng,gmappeal 1
t480-cym,t483
t480-eng,t483
t481-nodiadau-cym,n461
t481-notes-eng,t485
t481-notes-eng,t484
t481-notes-eng,n461
t482-cym,none detected
t482-eng,none detected
t483-cym,t480
t483-eng,t480
t484-cym,none detected
t484-eng,none detected
t485-cym,none detected
t485-eng,none detected
t486-cym,none detected
t486-eng,none detected
t490-eng,none detected
t491-eng,no.32
t492-eng,forma
t493-eng,pl2
t493-eng,ch42
t493-eng,cb2
t495-eng,none detected
t496-eng,none detected
t497-eng,none detected
t499-eng,ex4
t53-eng,ex160a
t53-eng,ex160
t540-eng,t609
t540-eng,t546
t540-eng,t545
t540-eng,t544
t540-eng,t541
t540-eng,t542
t540-eng,t543
t540-eng,cb1
t541-eng,t609
t541-eng,t546
t541-eng,t545
t541-eng,t544
t541-eng,t542
t541-eng,t543
t541-eng,ex160a
t541-eng,ex160
t541-eng,cb1
t542-eng,t609
t542-eng,t546
t542-eng,t545
t542-eng,t544
t542-eng,t541
t542-eng,t540
t542-eng,t543
t542-eng,ex160a
t542-eng,ex160
t542-eng,cb1
t543-eng,t609
t543-eng,t546
t543-eng,t545
t543-eng,t544
t543-eng,t541
t543-eng,t542
t543-eng,t540
t543-eng,ex160a
t543-eng,ex160
t543-eng,cb1
t544-eng,t609
t544-eng,t546
t544-eng,t545
t544-eng,t541
t544-eng,t542
t544-eng,t540
t544-eng,t543
t544-eng,ex160a
t544-eng,ex160
t544-eng,cb1
t545-eng,t609
t545-eng,t546
t545-eng,t544
t545-eng,t541
t545-eng,t542
t545-eng,t540
t545-eng,t543
t545-eng,ex160a
t545-eng,ex160
t545-eng,cb1
t546-eng,t609
t546-eng,t545
t546-eng,t544
t546-eng,t541
t546-eng,t542
t546-eng,t540
t546-eng,t543
t546-eng,ex160a
t546-eng,ex160
t546-eng,cb1
t547-eng,none detected
t601-eng,t602
t601-eng,ex160
t602-eng,t601
t603-eng,none detected
t604-eng,ex160
t605-eng,ex160
t606-eng,ex160
t607-eng,form a
t607-eng,form a
t608-eng,t381
t608-eng,ex160
t609-eng,none detected
t610-eng,none detected
t611-eng,none detected
t612-eng,none detected
t613-eng,none detected
t614-eng,none detected
t615-eng,none detected
t616-eng,none detected
t617-eng,forma
t618-eng,none detected
t619-eng_doc,none detected
t619a-eng,none detected
t621-eng,none detected
t622-eng,none detected
t94-eng,none detected
t95-eng,none detected
t96-eng_doc,none detected
t97-eng,ex160a
t97-eng,ex160
t98-eng_doc,none detected
t98a-eng,none detected
tahb511-eng_doc,tahb521
tahb521-eng_doc,tahb511
tald711-eng_doc,tald721
tald721-eng_doc,none detected
talg900-eng,none detected
talg911-eng_doc,talg921
talg921-eng_doc,talg911
talg964-eng,none detected
talg975-eng_doc,none detected
tanq411-eng_doc,tanq421
tanq421-eng_doc,tanq411
tasd111-eng_doc,tasd121
tasd121-eng_doc,tasd111
tasr211-eng_doc,tasr221
tasr221-eng_doc,tasr211
tcc-cm1-eng,pf52
tcc-cm1-eng,case management information sheet
tcc-ptr1-eng,none detected
te3-eng,te9
te7-(dart-charge)-eng,te7
te7-eng_doc,te9
te7-eng_doc,te3
te9-(dart-charge)-eng,te9
te9-eng_doc,te3
tgrcref-eng,none detected
tsf4-eng,none detected
tystysgrif-colli-enillion-neu-fudd-dal-cym,lwfansau
undertaking-to-issue-form-(high-court-family-division)-eng_doc,ex160a
ut-table-of-cases-eng,ut13
ut-table-of-cases-eng,ut14
ut-table-of-cases-eng,ut10
ut-table-of-cases-eng,ut9
ut-table-of-cases-eng,ut11
ut-table-of-cases-eng,ut12
ut-table-of-cases-eng,ut8
ut-table-of-cases-eng,ut5
ut-table-of-cases-eng,ut6
ut-table-of-cases-eng,ut4
ut-table-of-cases-eng,ut3
ut-table-of-cases-eng,ut1
ut-table-of-cases-eng,jrc1
ut1-cym_doc,none detected
ut1-cym,none detected
ut1-eng_doc,none detected
ut1-leaflet-eng,ut1
ut1-nodiadau-cym_doc,ut1
ut1-nodiadau-cym,ut1
ut1-taflen-cym,lwfansau
ut10-eng_doc,none detected
ut10-leaflet-eng,none detected
ut11-eng,ut13
ut11-leaflet-eng,ut11
ut11-leaflet-eng,ut11 notes
ut11-notes-eng,ut11
ut12-eng_doc,none detected
ut12-leaflet-eng,cb2
ut12-notes-eng,ut12
ut12ni-eng_doc,none detected
ut13-eng,ut11
ut13-leaflet-eng,ut13
ut14-eng,none detected
ut2-eng_doc,none detected
ut2-eng,none detected
ut3-eng_doc,none detected
ut3-leaflet-eng_doc,none detected
ut3-leaflet-eng,ut3
ut3-notes-eng,ut3
ut4-eng,none detected
ut4-leaflet-eng,ut4
ut4-notes-eng,ut4
ut5-eng_doc,none detected
ut5-eng,none detected
ut5-leaflet-eng,ut5
ut5-notes-eng,ut5
ut6-eng_doc,none detected
ut6-eng,none detected
ut6-leaflet-eng_doc,ut6
ut6-leaflet-eng,ut6
ut6-notes-eng_doc,ut6
ut6-notes-eng,ut6
ut7-eng_doc,ut6
ut7-eng,ut6
ut8-cym_doc,none detected
ut8-cym,none detected
ut8-eng_doc,none detected
ut8-eng,none detected
ut8-leaflet-eng,ut8
ut8-nodiadau-cym,ut8
ut8-notes-eng,ut8
ut8-taflen-cym,ut8
ut9-cym_doc,none detected
ut9-cym,none detected
ut9-eng_doc,none detected
ut9-eng,form h
ut9-leaflet-eng,ut9
ut9-notes-eng,ut9
ut9-taflen-cym,ut9
utaac-faq-eng,none detected
utlc-fees-eng,none detected
your-appeal-what-happens-next-eng,none detected
